experiment_id,router_id,power_consumption_watts,node_exporter_collector_timestamp,kafka_producer_timestamp,flink_aggregation_timestamp,ml_timestamp
EA_3,r1,70.11724027233821,1753867574.4145503,1753867574.5137951,1753867574.615,1753867574.6340768
EA_3,r1,70.11724074639281,1753867581.37881,1753867581.4514945,1753867581.523,1753867581.5445411
EA_3,r1,69.68380337208505,1753867588.288714,1753867588.4045541,1753867588.431,1753867588.4505556
EA_3,r1,69.71164237676756,1753867595.3278272,1753867595.4191124,1753867595.438,1753867595.456466
EA_3,r1,69.58957841489232,1753867602.2721727,1753867602.3641005,1753867602.446,1753867602.4656587
EA_3,r1,69.66142039472153,1753867609.7336736,1753867609.7948015,1753867609.854,1753867609.8731732
EA_3,r1,69.6719698898843,1753867616.5971065,1753867616.6616375,1753867616.763,1753867616.7821035
EA_3,r1,69.66954139046365,1753867623.53146,1753867623.6149604,1753867623.671,1753867623.6899793
EA_3,r1,69.67273783573256,1753867630.5098617,1753867630.576318,1753867630.678,1753867630.697458
EA_3,r1,69.66947294269558,1753867637.6070583,1753867637.6700873,1753867637.686,1753867637.7066338
EA_3,r1,69.67340175654476,1753867644.6430755,1753867644.7112257,1753867644.793,1753867644.8137128
EA_3,r1,69.67182547581156,1753867651.5710852,1753867651.6312218,1753867651.700,1753867651.7210827
EA_3,r1,69.67147408661319,1753867658.5024166,1753867658.56325,1753867658.607,1753867658.6259098
EA_3,r1,69.66066336256476,1753867665.3376496,1753867665.4373853,1753867665.514,1753867665.5328178
EA_3,r1,69.65902795551438,1753867672.5584729,1753867672.6182218,1753867672.721,1753867672.7414546
EA_3,r1,69.66077796273144,1753867679.5430472,1753867679.6029956,1753867679.628,1753867679.6476378
EA_3,r1,69.65854337802841,1753867686.4450836,1753867686.541543,1753867686.635,1753867686.6549373
EA_3,r1,69.66024123615702,1753867693.7379065,1753867693.800193,1753867693.843,1753867693.8614051
EA_3,r1,69.65911344690255,1753867700.6099007,1753867700.671942,1753867700.750,1753867700.7680671
EA_3,r1,69.65953961534173,1753867707.5697968,1753867707.6730597,1753867707.756,1753867707.7751231
EA_3,r1,69.65885444812827,1753867714.57668,1753867714.6382022,1753867714.662,1753867714.680901
EA_3,r1,69.65658644049105,1753867721.475223,1753867721.5569296,1753867721.567,1753867721.5867968
EA_3,r1,69.64769879496838,1753867728.388797,1753867728.4687114,1753867728.473,1753867728.491517
EA_3,r1,69.64628156585873,1753867735.4018502,1753867735.471125,1753867735.481,1753867735.5007257
EA_3,r1,69.64632395509099,1753867742.3339705,1753867742.4317417,1753867742.489,1753867742.507622
EA_3,r1,69.64822502857388,1753867749.3412793,1753867749.4155493,1753867749.497,1753867749.5153713
EA_3,r1,69.64647085509975,1753867756.326681,1753867756.3920748,1753867756.407,1753867756.4268858
EA_3,r1,69.64807192224212,1753867763.256121,1753867763.3551939,1753867763.416,1753867763.4400456
EA_3,r1,69.64623308776552,1753867770.2576303,1753867770.3184023,1753867770.323,1753867770.3426123
EA_3,r1,69.64864610977098,1753867777.7670236,1753867777.829837,1753867777.931,1753867777.9493463
EA_3,r1,69.63823092782955,1753867784.5887969,1753867784.6961935,1753867784.738,1753867784.7568045
EA_3,r1,69.63495511298579,1753867791.6019228,1753867791.6718612,1753867791.745,1753867791.764142
EA_3,r1,69.6350915790937,1753867798.5881882,1753867798.684207,1753867798.753,1753867798.7725992
EA_3,r1,69.6348814026834,1753867805.6664505,1753867805.7744904,1753867805.861,1753867805.8805966
EA_3,r1,69.63047659745327,1753867813.212374,1753867813.2762835,1753867813.369,1753867813.3890588
EA_3,r1,69.63899093803767,1753867820.2410135,1753867820.3240845,1753867820.376,1753867820.3951356
EA_3,r1,69.63481847110653,1753867827.16106,1753867827.270525,1753867827.284,1753867827.309603
EA_3,r1,69.63605336609403,1753867834.4256845,1753867834.4860556,1753867834.492,1753867834.512334
EA_3,r1,69.63251831595528,1753867841.753264,1753867841.8514993,1753867841.900,1753867841.9198842
EA_3,r1,69.6229704143746,1753867848.6921608,1753867848.779855,1753867848.808,1753867848.8289685
EA_3,r1,69.62178842324337,1753867855.6649947,1753867855.7252793,1753867855.816,1753867855.834263
EA_3,r1,69.62353307176431,1753867862.6022503,1753867862.7052882,1753867862.722,1753867862.7404242
EA_3,r1,69.62252373596003,1753867869.5919623,1753867869.6536794,1753867869.729,1753867869.747451
EA_3,r1,69.62273535251568,1753867876.5533764,1753867876.626661,1753867876.638,1753867876.6572762
EA_3,r1,69.62241406604358,1753867883.5497713,1753867883.657785,1753867883.745,1753867883.7641232
EA_3,r1,69.62320773601148,1753867890.5312696,1753867890.5970087,1753867890.652,1753867890.671597
EA_3,r1,69.62289426588946,1753867897.4772983,1753867897.5494652,1753867897.559,1753867897.5846934
EA_3,r1,69.625201848264,1753867904.4242399,1753867904.5209742,1753867904.570,1753867904.5910661
EA_3,r1,69.63469524586446,1753867911.4116976,1753867911.4767413,1753867911.578,1753867911.5963774
EA_3,r1,69.63587179796231,1753867918.8766758,1753867918.9497077,1753867918.987,1753867919.0060441
EA_3,r1,69.63526427890126,1753867925.7541409,1753867925.8376403,1753867925.894,1753867925.9128313
EA_3,r1,69.63474448797014,1753867932.6221082,1753867932.7049055,1753867932.802,1753867932.8217633
EA_3,r1,69.63475514722269,1753867940.0073588,1753867940.0694427,1753867940.109,1753867940.127084
EA_3,r1,69.63535110254386,1753867946.981981,1753867947.083359,1753867947.116,1753867947.1353357
EA_3,r1,69.63477199675127,1753867953.9898307,1753867954.0723453,1753867954.124,1753867954.1430047
EA_3,r1,69.63400371874972,1753867960.972774,1753867961.0726101,1753867961.132,1753867961.151296
EA_3,r1,69.64443073729234,1753867967.9756646,1753867968.0348828,1753867968.039,1753867968.0587678
EA_3,r1,69.64739492356433,1753867974.9331024,1753867975.0121412,1753867975.046,1753867975.0640762
EA_3,r1,69.64742319444255,1753867981.8350387,1753867981.9161623,1753867981.951,1753867981.9695175
EA_3,r1,69.64473203889017,1753867988.870035,1753867988.9309688,1753867988.957,1753867988.9751923
EA_3,r1,69.64946885235851,1753867995.7837224,1753867995.886252,1753867995.962,1753867995.98178
EA_3,r1,69.64744216112051,1753868003.0734897,1753868003.156305,1753868003.168,1753868003.1863635
EA_3,r1,69.6468102092885,1753868009.9553237,1753868010.0227659,1753868010.074,1753868010.0924244
EA_3,r1,69.64724622983513,1753868016.993477,1753868017.0624971,1753868017.081,1753868017.099269
EA_3,r1,69.65014380827239,1753868024.0967321,1753868024.177554,1753868024.188,1753868024.2062366
EA_3,r1,69.65875742994504,1753868031.5165236,1753868031.577964,1753868031.595,1753868031.613788
EA_3,r1,69.65854156722227,1753868038.20222,1753868038.2621057,1753868038.301,1753868038.3193207
EA_3,r1,69.65952943979828,1753868045.227176,1753868045.3094504,1753868045.408,1753868045.4267428
EA_3,r1,69.66006862458141,1753868052.0629885,1753868052.1270614,1753868052.214,1753868052.2327087
EA_3,r1,69.65942717365779,1753868059.1783092,1753868059.2524252,1753868059.319,1753868059.3382895
EA_3,r1,69.65880630566393,1753868066.1602273,1753868066.2541804,1753868066.325,1753868066.3445044
EA_3,r1,69.65881561451616,1753868073.2169225,1753868073.2774603,1753868073.332,1753868073.3505988
EA_3,r1,69.65873064781759,1753868080.1903043,1753868080.288425,1753868080.338,1753868080.3581223
EA_3,r1,69.66979987674189,1753868086.9999762,1753868087.0976121,1753868087.145,1753868087.1633666
EA_3,r1,69.67020025078946,1753868094.0150762,1753868094.0736816,1753868094.151,1753868094.1712868
EA_3,r1,69.67307991249875,1753868101.142201,1753868101.2353523,1753868101.259,1753868101.2777967
EA_3,r1,69.67139211391839,1753868108.1581545,1753868108.2546947,1753868108.268,1753868108.2892816
EA_3,r1,69.67035224992192,1753868115.6009548,1753868115.6710367,1753868115.776,1753868115.795185
EA_3,r1,69.67131445937986,1753868122.48099,1753868122.5792522,1753868122.683,1753868122.7026489
EA_3,r1,69.6734866107199,1753868129.5005019,1753868129.5947423,1753868129.692,1753868129.710794
EA_3,r1,69.668546148429,1753868136.9001026,1753868136.9726212,1753868137.000,1753868137.0199802
EA_3,r1,69.6757618299079,1753868143.85532,1753868143.9313664,1753868144.008,1753868144.0274103
EA_3,r1,69.68564457533944,1753868150.815572,1753868150.8839629,1753868150.914,1753868150.9339256
EA_3,r1,69.68419862771472,1753868157.6708174,1753868157.9773102,1753868158.021,1753868158.040639
EA_3,r1,69.68197419489051,1753868164.787308,1753868164.8853364,1753868164.928,1753868164.9482658
EA_3,r1,69.68464116812038,1753868171.6623054,1753868171.740181,1753868171.836,1753868171.8553765
EA_3,r1,69.68408471383117,1753868178.575033,1753868178.6657755,1753868178.744,1753868178.7640498
EA_3,r1,69.68160042680915,1753868185.385597,1753868185.4842381,1753868185.552,1753868185.5727296
EA_3,r1,69.68566807280057,1753868192.348186,1753868192.4153156,1753868192.460,1753868192.4793718
EA_3,r1,69.68160719541677,1753868199.2571983,1753868199.3494978,1753868199.367,1753868199.3854756
EA_3,r1,69.68610372266916,1753868206.0836577,1753868206.1526957,1753868206.175,1753868206.1929512
EA_3,r1,69.68332014077949,1753868212.9749088,1753868213.0364084,1753868213.081,1753868213.0995007
EA_3,r1,69.68419847343235,1753868219.994973,1753868220.1090276,1753868220.189,1753868220.2082984
EA_3,r1,69.68423559267927,1753868227.0687218,1753868227.1289053,1753868227.198,1753868227.2164505
EA_3,r1,69.68302605375627,1753868234.0546494,1753868234.13803,1753868234.206,1753868234.2245824
EA_3,r1,69.68369364661547,1753868241.203583,1753868241.3220472,1753868241.415,1753868241.4331434
EA_3,r1,69.68211105966049,1753868248.1866965,1753868248.257867,1753868248.323,1753868248.3421814
EA_3,r1,69.68343005045696,1753868255.0408745,1753868255.123311,1753868255.131,1753868255.149431
EA_3,r1,69.68420681530128,1753868261.9916232,1753868262.1071703,1753868262.139,1753868262.1794357
EA_3,r1,69.68376417082123,1753868268.9621007,1753868269.0395243,1753868269.047,1753868269.0661757
EA_3,r1,69.6852434768761,1753868275.7558675,1753868275.8236022,1753868275.854,1753868275.8738995
EA_3,r1,69.68391248891649,1753868282.601896,1753868282.7015073,1753868282.762,1753868282.7803245
EA_3,r1,69.68344260250517,1753868289.5586576,1753868289.6235754,1753868289.670,1753868289.6886358
EA_3,r1,69.68405365623488,1753868296.473336,1753868296.5641341,1753868296.578,1753868296.5988865
EA_3,r1,69.6813542124419,1753868303.6858923,1753868303.776694,1753868303.786,1753868303.8046393
EA_3,r1,69.68396051075398,1753868310.5018022,1753868310.5648255,1753868310.593,1753868310.6116812
EA_3,r1,69.6849977485449,1753868317.4081123,1753868317.498761,1753868317.601,1753868317.621717
EA_3,r1,69.68280760463684,1753868324.333048,1753868324.4029446,1753868324.409,1753868324.4265172
EA_3,r1,69.68532229941341,1753868331.2496061,1753868331.3425074,1753868331.417,1753868331.4351323
EA_3,r1,69.68423126356156,1753868338.1637495,1753868338.2467184,1753868338.323,1753868338.341874
EA_3,r1,69.68233250060239,1753868345.1054597,1753868345.1707847,1753868345.230,1753868345.2483687
EA_3,r1,69.68420334029416,1753868352.0784874,1753868352.1580684,1753868352.237,1753868352.2549715
EA_3,r1,69.68209851434638,1753868358.9377983,1753868359.0057223,1753868359.044,1753868359.0643423
EA_3,r1,69.68391658755985,1753868365.6417327,1753868365.7018802,1753868365.751,1753868365.7719731
EA_3,r1,69.68494468729322,1753868372.4069977,1753868372.4882202,1753868372.559,1753868372.5785198
EA_3,r1,69.6841057045039,1753868379.2360866,1753868379.324713,1753868379.365,1753868379.3884423
EA_3,r1,69.68413129836037,1753868386.1475987,1753868386.2067316,1753868386.272,1753868386.2917118
EA_3,r1,69.68425515160487,1753868393.0737572,1753868393.1625235,1753868393.180,1753868393.1985197
EA_3,r1,69.6831540969927,1753868399.984336,1753868400.0655618,1753868400.087,1753868400.1048005
EA_3,r1,69.68194222729379,1753868406.9626882,1753868407.0282352,1753868407.094,1753868407.1106446
EA_3,r1,69.6851717876564,1753868413.7913427,1753868413.8647072,1753868413.899,1753868413.91727
EA_3,r1,69.6834724135076,1753868420.6895027,1753868420.7482212,1753868420.806,1753868420.823848
EA_3,r1,69.68192088340695,1753868427.7007258,1753868427.7576623,1753868427.813,1753868427.831363
EA_3,r1,69.6861354855072,1753868434.5094247,1753868434.6021206,1753868434.620,1753868434.6381233
EA_3,r1,69.6821249883626,1753868441.7675772,1753868441.826182,1753868441.928,1753868441.9464343
EA_3,r1,69.68339224438228,1753868448.5978806,1753868448.6645186,1753868448.736,1753868448.7543712
EA_3,r1,69.6853299149052,1753868455.4070807,1753868455.4952917,1753868455.543,1753868455.5616071
EA_3,r1,69.6837838525762,1753868462.3329635,1753868462.418929,1753868462.451,1753868462.4694047
EA_3,r1,69.68362715190398,1753868469.3198164,1753868469.3822992,1753868469.459,1753868469.4772785
EA_3,r1,69.68167283166683,1753868476.850636,1753868476.9401925,1753868476.968,1753868476.9858234
EA_3,r2,70.10065829036246,1753867574.683857,1753867574.793146,1753867574.824,1753867574.8420224
EA_3,r2,70.88763290704166,1753867581.627045,1753867581.6949418,1753867581.732,1753867581.7520454
EA_3,r2,69.61034534450775,1753867588.602566,1753867588.6690295,1753867588.741,1753867588.7603927
EA_3,r2,69.70516323630336,1753867595.5859916,1753867595.6673603,1753867595.749,1753867595.7665148
EA_3,r2,69.59139383776902,1753867602.583005,1753867602.6552167,1753867602.757,1753867602.7783704
EA_3,r2,69.66261341389362,1753867609.9686842,1753867610.0434115,1753867610.066,1753867610.083914
EA_3,r2,69.67172216706828,1753867616.8622904,1753867616.959214,1753867616.973,1753867616.991086
EA_3,r2,69.67264578873423,1753867623.8155465,1753867623.8715782,1753867623.880,1753867623.8995914
EA_3,r2,69.67145527004877,1753867630.7922409,1753867630.878273,1753867630.888,1753867630.9075062
EA_3,r2,69.67166600317434,1753867637.88584,1753867637.9634616,1753867637.996,1753867638.0151746
EA_3,r2,69.67151781565914,1753867644.9235997,1753867644.9831753,1753867645.003,1753867645.021676
EA_3,r2,69.67079358323363,1753867651.8450842,1753867651.9436684,1753867652.011,1753867652.0300138
EA_3,r2,69.67066122560635,1753867658.7663841,1753867658.8474138,1753867658.918,1753867658.9557717
EA_3,r2,69.66093347527543,1753867665.6560163,1753867665.714033,1753867665.725,1753867665.743664
EA_3,r2,69.66090991896898,1753867672.8184304,1753867672.89309,1753867672.932,1753867672.952113
EA_3,r2,69.65908950042775,1753867679.8232565,1753867679.8800955,1753867679.940,1753867679.958528
EA_3,r2,69.65974194098985,1753867686.7091408,1753867686.7681167,1753867686.847,1753867686.8714178
EA_3,r2,69.65916890190951,1753867694.0149145,1753867694.0912998,1753867694.155,1753867694.1751342
EA_3,r2,69.65832013588047,1753867700.8639936,1753867700.920098,1753867700.966,1753867700.9876833
EA_3,r2,69.66020924761342,1753867707.863405,1753867707.9222806,1753867707.974,1753867707.9926014
EA_3,r2,69.65841825389914,1753867714.835738,1753867714.9133346,1753867714.981,1753867714.9994812
EA_3,r2,69.65701582603901,1753867721.756165,1753867721.8136184,1753867721.888,1753867721.906853
EA_3,r2,69.6465277248782,1753867728.6375737,1753867728.710427,1753867728.795,1753867728.8134072
EA_3,r2,69.6471236180352,1753867735.662509,1753867735.7533636,1753867735.803,1753867735.821874
EA_3,r2,69.64689609113513,1753867742.60372,1753867742.6668165,1753867742.711,1753867742.7296517
EA_3,r2,69.64759440932954,1753867749.5890846,1753867749.709271,1753867749.720,1753867749.738777
EA_3,r2,69.64655294804342,1753867756.5891333,1753867756.6513271,1753867756.728,1753867756.748977
EA_3,r2,69.64713844226004,1753867763.5571764,1753867763.6395664,1753867763.737,1753867763.7585557
EA_3,r2,69.6472355899003,1753867770.4928582,1753867770.5839853,1753867770.644,1753867770.66426
EA_3,r2,69.6477551089856,1753867777.9838593,1753867778.0433383,1753867778.052,1753867778.069386
EA_3,r2,69.63800890208162,1753867784.8680527,1753867784.9319527,1753867784.959,1753867784.9777322
EA_3,r2,69.63468310917929,1753867791.8821933,1753867792.002774,1753867792.070,1753867792.0884674
EA_3,r2,69.63507658008852,1753867798.917751,1753867798.9852972,1753867799.078,1753867799.0973992
EA_3,r2,69.63519756867487,1753867805.9766479,1753867806.0417526,1753867806.087,1753867806.107379
EA_3,r2,69.63477415451175,1753867813.4830246,1753867813.5768783,1753867813.595,1753867813.6158183
EA_3,r2,69.6356516252792,1753867820.5319943,1753867820.595433,1753867820.603,1753867820.6214716
EA_3,r2,69.63409306080746,1753867827.4974308,1753867827.5658183,1753867827.610,1753867827.6316717
EA_3,r2,69.63522175814714,1753867834.6706946,1753867834.7530537,1753867834.819,1753867834.8381095
EA_3,r2,69.63202756745946,1753867842.0530996,1753867842.1113338,1753867842.127,1753867842.1463604
EA_3,r2,69.62261707552935,1753867848.9839628,1753867849.0790267,1753867849.135,1753867849.1547468
EA_3,r2,69.62286008224412,1753867855.9357324,1753867856.0162432,1753867856.043,1753867856.0615861
EA_3,r2,69.62326807559133,1753867862.9126322,1753867862.9683087,1753867863.051,1753867863.0691407
EA_3,r2,69.62224765259457,1753867869.8491657,1753867869.9285607,1753867869.958,1753867869.9762986
EA_3,r2,69.62324399301235,1753867876.7854986,1753867876.850357,1753867876.865,1753867876.884122
EA_3,r2,69.62269811865266,1753867883.812294,1753867883.8952508,1753867883.974,1753867883.9926808
EA_3,r2,69.62261499789827,1753867890.8014176,1753867890.9000118,1753867890.982,1753867891.0043664
EA_3,r2,69.62257526869828,1753867897.7369168,1753867897.793935,1753867897.890,1753867897.9157236
EA_3,r2,69.62662051597425,1753867904.7290564,1753867904.811361,1753867904.898,1753867904.9166677
EA_3,r2,69.63460817220894,1753867911.6953673,1753867911.7884495,1753867911.806,1753867911.8320181
EA_3,r2,69.63509447134021,1753867919.1647017,1753867919.230417,1753867919.315,1753867919.3341434
EA_3,r2,69.63490982463136,1753867926.037784,1753867926.118684,1753867926.222,1753867926.2413533
EA_3,r2,69.63493098609665,1753867932.9049664,1753867933.002643,1753867933.030,1753867933.0488157
EA_3,r2,69.63499725689,1753867940.25842,1753867940.3189404,1753867940.338,1753867940.3567383
EA_3,r2,69.63505005283635,1753867947.26621,1753867947.3441355,1753867947.446,1753867947.465296
EA_3,r2,69.63492145357611,1753867954.2775815,1753867954.3702939,1753867954.454,1753867954.4730105
EA_3,r2,69.63479424341254,1753867961.295718,1753867961.3622968,1753867961.465,1753867961.4835126
EA_3,r2,69.64495838171521,1753867968.2031467,1753867968.2813628,1753867968.373,1753867968.391416
EA_3,r2,69.6471456424407,1753867975.2147713,1753867975.2719004,1753867975.280,1753867975.298761
EA_3,r2,69.64784880390098,1753867982.1122882,1753867982.1699288,1753867982.188,1753867982.2066426
EA_3,r2,69.64730593576762,1753867989.1405673,1753867989.215913,1753867989.295,1753867989.3138163
EA_3,r2,69.64638185488525,1753867996.101385,1753867996.1586423,1753867996.203,1753867996.2209864
EA_3,r2,69.64703814166447,1753868003.3257976,1753868003.3823438,1753868003.410,1753868003.4308016
EA_3,r2,69.64732829655699,1753868010.2018514,1753868010.297834,1753868010.318,1753868010.336507
EA_3,r2,69.64672736290088,1753868017.2824235,1753868017.3784285,1753868017.429,1753868017.4480126
EA_3,r2,69.65009989190622,1753868024.3918674,1753868024.4560323,1753868024.537,1753868024.5559666
EA_3,r2,69.6599250841031,1753868031.7075562,1753868031.7824795,1753868031.845,1753868031.8637936
EA_3,r2,69.65838004227753,1753868038.4749606,1753868038.55037,1753868038.652,1753868038.661965
EA_3,r2,69.65950501198053,1753868045.515967,1753868045.5751736,1753868045.660,1753868045.6784105
EA_3,r2,69.65922484296433,1753868052.3416555,1753868052.4360507,1753868052.467,1753868052.4852626
EA_3,r2,69.65954369733291,1753868059.4669957,1753868059.5442278,1753868059.574,1753868059.5924923
EA_3,r2,69.65926922828513,1753868066.4417484,1753868066.5030756,1753868066.582,1753868066.6003668
EA_3,r2,69.65958058465546,1753868073.4680233,1753868073.5464532,1753868073.590,1753868073.608563
EA_3,r2,69.66021620638368,1753868080.4890609,1753868080.5499253,1753868080.598,1753868080.6158805
EA_3,r2,69.66820134098846,1753868087.3052082,1753868087.4121273,1753868087.506,1753868087.5253623
EA_3,r2,69.6710735417802,1753868094.2642214,1753868094.3244116,1753868094.413,1753868094.4314916
EA_3,r2,69.67269926267953,1753868101.4468055,1753868101.5117786,1753868101.522,1753868101.540368
EA_3,r2,69.67141705652251,1753868108.3856437,1753868108.4774942,1753868108.531,1753868108.5494409
EA_3,r2,69.67068709609191,1753868115.8520377,1753868115.9141614,1753868115.940,1753868115.9584324
EA_3,r2,69.67117580409341,1753868122.7882855,1753868122.8624098,1753868122.949,1753868122.9671066
EA_3,r2,69.67206896584472,1753868129.7922788,1753868129.883821,1753868129.957,1753868129.9754725
EA_3,r2,69.67115915529807,1753868137.169153,1753868137.2322829,1753868137.269,1753868137.2874265
EA_3,r2,69.67639244155826,1753868144.1573076,1753868144.2151423,1753868144.277,1753868144.2963035
EA_3,r2,69.68244431886052,1753868151.0894604,1753868151.196183,1753868151.285,1753868151.3040311
EA_3,r2,69.68441523383068,1753868158.1706321,1753868158.2368994,1753868158.293,1753868158.3120158
EA_3,r2,69.68447316617042,1753868165.0306396,1753868165.0924866,1753868165.101,1753868165.1205268
EA_3,r2,69.68284840255379,1753868171.9338324,1753868172.03055,1753868172.109,1753868172.1282766
EA_3,r2,69.68499334430568,1753868178.858373,1753868178.920342,1753868179.017,1753868179.03659
EA_3,r2,69.68258811732028,1753868185.7093556,1753868185.7701023,1753868185.825,1753868185.8440857
EA_3,r2,69.68416582161231,1753868192.604705,1753868192.7246265,1753868192.733,1753868192.7477388
EA_3,r2,69.68312776281151,1753868199.520104,1753868199.5768201,1753868199.640,1753868199.6590478
EA_3,r2,69.68497359686427,1753868206.3356555,1753868206.4097824,1753868206.449,1753868206.4666567
EA_3,r2,69.68205666335768,1753868213.2300549,1753868213.286418,1753868213.356,1753868213.374328
EA_3,r2,69.68401033451974,1753868220.2932432,1753868220.3615284,1753868220.464,1753868220.4862642
EA_3,r2,69.68510616562133,1753868227.338346,1753868227.43464,1753868227.472,1753868227.4960387
EA_3,r2,69.68326900753706,1753868234.30035,1753868234.3628802,1753868234.381,1753868234.399339
EA_3,r2,69.6835294036767,1753868241.522509,1753868241.5935183,1753868241.689,1753868241.7076976
EA_3,r2,69.68316188312033,1753868248.4536815,1753868248.5394676,1753868248.597,1753868248.6161044
EA_3,r2,69.6850613741596,1753868255.3443186,1753868255.411186,1753868255.506,1753868255.5242856
EA_3,r2,69.68255593784666,1753868262.3052232,1753868262.3662198,1753868262.414,1753868262.4466455
EA_3,r2,69.68453601494645,1753868269.142583,1753868269.2303302,1753868269.322,1753868269.3426166
EA_3,r2,69.68331527504785,1753868275.9935198,1753868276.0543547,1753868276.130,1753868276.1494894
EA_3,r2,69.68341637714647,1753868282.8850286,1753868282.9646392,1753868283.039,1753868283.0567915
EA_3,r2,69.6835800723299,1753868289.8265264,1753868289.9261067,1753868289.947,1753868289.96543
EA_3,r2,69.68331644651674,1753868296.7639506,1753868296.8287158,1753868296.855,1753868296.8760085
EA_3,r2,69.68407798538799,1753868303.9631412,1753868304.037417,1753868304.063,1753868304.0816588
EA_3,r2,69.68291743029467,1753868310.772796,1753868310.84678,1753868310.871,1753868310.8889716
EA_3,r2,69.68458547492489,1753868317.6995692,1753868317.7580822,1753868317.779,1753868317.7970688
EA_3,r2,69.68334711488062,1753868324.5987587,1753868324.7069633,1753868324.787,1753868324.8055305
EA_3,r2,69.68438347008274,1753868331.5644398,1753868331.6319036,1753868331.695,1753868331.713609
EA_3,r2,69.68270954116707,1753868338.4504845,1753868338.5149457,1753868338.603,1753868338.6277814
EA_3,r2,69.6855445769852,1753868345.3760717,1753868345.4543967,1753868345.510,1753868345.5350223
EA_3,r2,69.68250040259396,1753868352.357729,1753868352.4162123,1753868352.518,1753868352.535902
EA_3,r2,69.68387831349892,1753868359.2114754,1753868359.2717414,1753868359.325,1753868359.3432941
EA_3,r2,69.68435531738977,1753868365.9239433,1753868365.9817383,1753868366.032,1753868366.0494144
EA_3,r2,69.68217774700423,1753868372.693352,1753868372.7540262,1753868372.839,1753868372.8574064
EA_3,r2,69.68362563002174,1753868379.5349727,1753868379.5936246,1753868379.646,1753868379.6645267
EA_3,r2,69.68410130413278,1753868386.3985012,1753868386.4822109,1753868386.554,1753868386.5734322
EA_3,r2,69.68345420407415,1753868393.3840985,1753868393.4428134,1753868393.462,1753868393.4817033
EA_3,r2,69.68385974568281,1753868400.265802,1753868400.323269,1753868400.369,1753868400.3885622
EA_3,r2,69.6834289935272,1753868407.253756,1753868407.3470125,1753868407.377,1753868407.3963006
EA_3,r2,69.68605693672336,1753868414.0323732,1753868414.1107776,1753868414.185,1753868414.2031484
EA_3,r2,69.68301494402213,1753868420.9601786,1753868421.046453,1753868421.093,1753868421.1139286
EA_3,r2,69.68336873830995,1753868427.9584403,1753868428.0316098,1753868428.101,1753868428.1195126
EA_3,r2,69.68287703451354,1753868434.8220334,1753868434.9080474,1753868435.009,1753868435.0269146
EA_3,r2,69.68476795637064,1753868442.0003865,1753868442.0702958,1753868442.117,1753868442.1352515
EA_3,r2,69.68368866057565,1753868448.8034637,1753868448.865828,1753868448.925,1753868448.943122
EA_3,r2,69.68339132088985,1753868455.7435017,1753868455.8298867,1753868455.932,1753868455.9505725
EA_3,r2,69.68267857623101,1753868462.6381018,1753868462.7283492,1753868462.741,1753868462.7591026
EA_3,r2,69.68544698576422,1753868469.5935977,1753868469.656909,1753868469.749,1753868469.7670798
EA_3,r2,69.68342373018443,1753868477.1165848,1753868477.1778584,1753868477.257,1753868477.2759354
EA_3,r3,703.038299006961,1753867574.9418232,1753867575.013958,1753867575.022,1753867575.0408702
EA_3,r3,703.0383136646674,1753867581.8441405,1753867581.9477818,1753867582.030,1753867582.0484102
EA_3,r3,703.3074554779597,1753867588.8351202,1753867588.9269347,1753867588.938,1753867588.9572937
EA_3,r3,702.695986546916,1753867595.8238614,1753867595.883019,1753867595.946,1753867595.96496
EA_3,r3,703.0382998835362,1753867602.8725145,1753867602.9861686,1753867603.055,1753867603.0753126
EA_3,r3,703.0383120442715,1753867610.2154906,1753867610.2985823,1753867610.366,1753867610.3840258
EA_3,r3,703.0383000509637,1753867617.1759946,1753867617.233215,1753867617.274,1753867617.2915428
EA_3,r3,702.6963726672931,1753867624.0743062,1753867624.149855,1753867624.182,1753867624.2013695
EA_3,r3,703.0382999466394,1753867631.0894752,1753867631.1511688,1753867631.190,1753867631.209257
EA_3,r3,703.0383129506582,1753867638.1792688,1753867638.304121,1753867638.398,1753867638.4172158
EA_3,r3,703.0382999757645,1753867645.1790903,1753867645.2369714,1753867645.305,1753867645.3273127
EA_3,r3,703.0383133963167,1753867652.1506934,1753867652.2074997,1753867652.213,1753867652.2318847
EA_3,r3,703.0383001577343,1753867659.0561259,1753867659.1332018,1753867659.220,1753867659.2373667
EA_3,r3,703.0383138065055,1753867665.9223752,1753867665.9791374,1753867666.027,1753867666.046183
EA_3,r3,703.0382996409772,1753867673.1027677,1753867673.1608834,1753867673.235,1753867673.254744
EA_3,r3,703.0383133420936,1753867680.08854,1753867680.1830375,1753867680.242,1753867680.2595296
EA_3,r3,703.0383001833266,1753867686.9809015,1753867687.0445864,1753867687.049,1753867687.072428
EA_3,r3,702.8022703774802,1753867694.2921145,1753867694.3718839,1753867694.458,1753867694.4764786
EA_3,r3,703.0383003231826,1753867701.1139104,1753867701.2124372,1753867701.266,1753867701.2837467
EA_3,r3,703.038313248504,1753867708.124275,1753867708.179515,1753867708.274,1753867708.2980444
EA_3,r3,703.0382999807216,1753867715.121491,1753867715.1789167,1753867715.282,1753867715.3003507
EA_3,r3,703.0383138248469,1753867721.9831038,1753867722.0760794,1753867722.088,1753867722.1057189
EA_3,r3,703.0383001004496,1753867728.9179745,1753867728.9786208,1753867728.995,1753867729.0137892
EA_3,r3,703.0383065143062,1753867735.9593513,1753867736.0305717,1753867736.104,1753867736.120988
EA_3,r3,703.0383068715482,1753867742.8762524,1753867742.9836335,1753867743.011,1753867743.0297937
EA_3,r3,703.038306506513,1753867749.9203947,1753867749.984907,1753867750.020,1753867750.0376747
EA_3,r3,703.0383068398519,1753867756.8481617,1753867756.938137,1753867757.029,1753867757.047857
EA_3,r3,703.0383067441605,1753867763.8089411,1753867763.872046,1753867763.937,1753867763.955985
EA_3,r3,703.0383066500184,1753867770.802507,1753867770.8585718,1753867770.944,1753867770.9615874
EA_3,r3,703.0720161277209,1753867778.244309,1753867778.3238838,1753867778.352,1753867778.3706253
EA_3,r3,703.038306909038,1753867785.148402,1753867785.2117655,1753867785.260,1753867785.2778463
EA_3,r3,703.0383064866934,1753867792.1995869,1753867792.2638276,1753867792.270,1753867792.2880313
EA_3,r3,703.0383066529174,1753867799.1921384,1753867799.2929697,1753867799.379,1753867799.3975708
EA_3,r3,703.0383066337589,1753867806.1913981,1753867806.254993,1753867806.287,1753867806.3052862
EA_3,r3,703.038305075212,1753867813.7831268,1753867813.8620489,1753867813.896,1753867813.9139552
EA_3,r3,703.0383065900602,1753867820.7977355,1753867820.894719,1753867820.904,1753867820.9224405
EA_3,r3,703.038306697847,1753867827.7746058,1753867827.8402207,1753867827.912,1753867827.9296067
EA_3,r3,703.0383061259171,1753867834.9564955,1753867835.037462,1753867835.120,1753867835.1390476
EA_3,r3,703.038305665811,1753867842.3122768,1753867842.4039867,1753867842.429,1753867842.447957
EA_3,r3,703.0383067974698,1753867849.2546265,1753867849.3190107,1753867849.337,1753867849.3552182
EA_3,r3,703.0383066847063,1753867856.2360759,1753867856.3154397,1753867856.345,1753867856.3625755
EA_3,r3,703.3074556348993,1753867863.1672032,1753867863.2400966,1753867863.252,1753867863.2705219
EA_3,r3,703.038313434263,1753867870.1289246,1753867870.1886106,1753867870.260,1753867870.278163
EA_3,r3,703.0383001837461,1753867877.0210721,1753867877.1408026,1753867877.168,1753867877.186272
EA_3,r3,703.0383065766242,1753867884.0404136,1753867884.1052358,1753867884.177,1753867884.1944766
EA_3,r3,703.0383065177523,1753867891.0805683,1753867891.1444333,1753867891.185,1753867891.1975155
EA_3,r3,703.0383068306618,1753867898.0114923,1753867898.1068835,1753867898.193,1753867898.2128
EA_3,r3,703.0383066818206,1753867904.993948,1753867905.0563886,1753867905.100,1753867905.1189945
EA_3,r3,703.0383066263175,1753867911.9958167,1753867912.058426,1753867912.108,1753867912.1286743
EA_3,r3,703.0383054682449,1753867919.428877,1753867919.519672,1753867919.617,1753867919.6369927
EA_3,r3,703.038306918565,1753867926.329723,1753867926.388094,1753867926.425,1753867926.4423163
EA_3,r3,703.0383070695068,1753867933.179525,1753867933.2429752,1753867933.333,1753867933.3516228
EA_3,r3,703.0383056895594,1753867940.526125,1753867940.6178567,1753867940.641,1753867940.6585445
EA_3,r3,703.0383066168006,1753867947.5313332,1753867947.6162014,1753867947.649,1753867947.668202
EA_3,r3,703.038306460501,1753867954.591847,1753867954.6611598,1753867954.757,1753867954.7761977
EA_3,r3,703.0720176824038,1753867961.559769,1753867961.6714566,1753867961.765,1753867961.7835171
EA_3,r3,703.0383069448822,1753867968.4516604,1753867968.538086,1753867968.573,1753867968.5926762
EA_3,r3,703.0383065672025,1753867975.4743245,1753867975.5484436,1753867975.581,1753867975.6005013
EA_3,r3,703.038306980773,1753867982.3540416,1753867982.431935,1753867982.490,1753867982.5096402
EA_3,r3,703.0383066196744,1753867989.358241,1753867989.4352374,1753867989.497,1753867989.5159476
EA_3,r3,703.0383000215623,1753867996.3340647,1753867996.4077737,1753867996.505,1753867996.5232153
EA_3,r3,703.0383123532123,1753868003.588737,1753868003.6446564,1753868003.712,1753868003.7296436
EA_3,r3,703.529415731366,1753868010.5048714,1753868010.5885422,1753868010.620,1753868010.6384737
EA_3,r3,703.0383129487595,1753868017.5951772,1753868017.6962514,1753868017.730,1753868017.7477386
EA_3,r3,703.0382998529238,1753868024.6601894,1753868024.7253025,1753868024.738,1753868024.7557309
EA_3,r3,703.0383122106496,1753868031.9553447,1753868032.0136178,1753868032.046,1753868032.0646038
EA_3,r3,703.0383003423783,1753868038.7675679,1753868038.8393064,1753868038.853,1753868038.8709466
EA_3,r3,703.0383066464065,1753868045.7623978,1753868045.8208127,1753868045.860,1753868045.878581
EA_3,r3,703.038307009404,1753868052.632434,1753868052.690536,1753868052.768,1753868052.787426
EA_3,r3,703.0383063125931,1753868059.746094,1753868059.8182855,1753868059.875,1753868059.8944027
EA_3,r3,703.0383067155333,1753868066.7168107,1753868066.7836142,1753868066.883,1753868066.9029462
EA_3,r3,703.0383065277949,1753868073.7534063,1753868073.813972,1753868073.891,1753868073.9109402
EA_3,r3,703.0383067440155,1753868080.714236,1753868080.8036294,1753868080.899,1753868080.918659
EA_3,r3,703.0383069917949,1753868087.590223,1753868087.653606,1753868087.707,1753868087.725664
EA_3,r3,703.0383067991495,1753868094.5319936,1753868094.6107333,1753868094.715,1753868094.7335246
EA_3,r3,703.0383061872529,1753868101.6913214,1753868101.8231173,1753868101.924,1753868101.9422371
EA_3,r3,702.709268277517,1753868108.6963527,1753868108.7672067,1753868108.833,1753868108.8514059
EA_3,r3,703.0383055225844,1753868116.1079965,1753868116.1994278,1753868116.244,1753868116.2683153
EA_3,r3,703.0383067296307,1753868123.073816,1753868123.1578977,1753868123.253,1753868123.270607
EA_3,r3,703.0383065764016,1753868130.093236,1753868130.156534,1753868130.163,1753868130.1801984
EA_3,r3,703.0383057309126,1753868137.4239032,1753868137.4980876,1753868137.572,1753868137.5898845
EA_3,r3,703.0383066157895,1753868144.4294665,1753868144.5055068,1753868144.582,1753868144.5995255
EA_3,r3,703.0383067286788,1753868151.3956165,1753868151.456984,1753868151.489,1753868151.5072143
EA_3,r3,703.0383064925468,1753868158.44472,1753868158.5316143,1753868158.597,1753868158.6150296
EA_3,r3,703.0383071682297,1753868165.2615435,1753868165.3220956,1753868165.405,1753868165.424953
EA_3,r3,703.0383066993451,1753868172.2378922,1753868172.2904825,1753868172.313,1753868172.333823
EA_3,r3,703.038307075944,1753868179.085534,1753868179.1651082,1753868179.221,1753868179.240809
EA_3,r3,703.0383070579421,1753868185.9392202,1753868185.994922,1753868186.029,1753868186.0461688
EA_3,r3,703.0383066994704,1753868192.9155252,1753868192.9769137,1753868193.037,1753868193.0549667
EA_3,r3,703.0383002141093,1753868199.79223,1753868199.8671734,1753868199.944,1753868199.9616168
EA_3,r3,703.0383071803636,1753868206.605022,1753868206.6640456,1753868206.753,1753868206.7712934
EA_3,r3,703.0383069575558,1753868213.4926095,1753868213.5825622,1753868213.660,1753868213.680026
EA_3,r3,703.0383063983206,1753868220.575369,1753868220.6500773,1753868220.668,1753868220.690497
EA_3,r3,703.0383064484669,1753868227.640177,1753868227.7040462,1753868227.777,1753868227.7938898
EA_3,r3,703.03830692191,1753868234.5398834,1753868234.6521533,1753868234.685,1753868234.7028158
EA_3,r3,703.0383058874662,1753868241.8108537,1753868241.8760974,1753868241.894,1753868241.91117
EA_3,r3,703.0383070683221,1753868248.6610534,1753868248.7260725,1753868248.802,1753868248.8227267
EA_3,r3,703.0383067989178,1753868255.6029038,1753868255.719197,1753868255.811,1753868255.831792
EA_3,r3,703.0383066637106,1753868262.591682,1753868262.6544204,1753868262.720,1753868262.7375464
EA_3,r3,703.0383071819907,1753868269.4039338,1753868269.4645503,1753868269.528,1753868269.54919
EA_3,r3,703.0383070133131,1753868276.2726502,1753868276.3845923,1753868276.436,1753868276.456273
EA_3,r3,703.0383002464827,1753868283.1329658,1753868283.1959174,1753868283.244,1753868283.2623105
EA_3,r3,703.0383133622653,1753868290.1134603,1753868290.1785512,1753868290.252,1753868290.2722058
EA_3,r3,703.0383001685939,1753868297.0133402,1753868297.106225,1753868297.161,1753868297.177972
EA_3,r3,703.0383125462563,1753868304.2139053,1753868304.2708864,1753868304.368,1753868304.3867986
EA_3,r3,703.0383002949844,1753868311.0498123,1753868311.1062574,1753868311.176,1753868311.1929746
EA_3,r3,703.0383068983117,1753868317.957565,1753868318.0348208,1753868318.084,1753868318.1052918
EA_3,r3,703.0383067690965,1753868324.9097116,1753868324.974077,1753868324.992,1753868325.0112293
EA_3,r3,703.0383068821947,1753868331.8229706,1753868331.8988397,1753868332.000,1753868332.0170035
EA_3,r3,703.0383068896739,1753868338.7336733,1753868338.8161962,1753868338.908,1753868338.924578
EA_3,r3,703.0383068757669,1753868345.6491308,1753868345.7260935,1753868345.815,1753868345.8323355
EA_3,r3,702.7092683451567,1753868352.6334689,1753868352.7092593,1753868352.722,1753868352.7388952
EA_3,r3,703.0383071704131,1753868359.4495666,1753868359.49926,1753868359.529,1753868359.545968
EA_3,r3,703.0383075083662,1753868366.1551592,1753868366.220861,1753868366.236,1753868366.25547
EA_3,r3,703.0383003806605,1753868372.9483714,1753868373.0297039,1753868373.044,1753868373.060852
EA_3,r3,703.0383070520303,1753868379.8040447,1753868379.862446,1753868379.951,1753868379.9680314
EA_3,r3,703.0383069999642,1753868386.6772697,1753868386.7645233,1753868386.859,1753868386.8762987
EA_3,r3,702.7226421120506,1753868393.6296966,1753868393.710072,1753868393.767,1753868393.788142
EA_3,r3,703.0383069357516,1753868400.524692,1753868400.5809853,1753868400.674,1753868400.6947765
EA_3,r3,703.0383067414613,1753868407.4864073,1753868407.5691915,1753868407.583,1753868407.6002007
EA_3,r3,703.0383071588226,1753868414.3063595,1753868414.3827314,1753868414.390,1753868414.4071298
EA_3,r3,703.0383068311273,1753868421.2371235,1753868421.2992396,1753868421.398,1753868421.4179168
EA_3,r3,703.0383066679138,1753868428.2244332,1753868428.2856715,1753868428.307,1753868428.3243253
EA_3,r3,703.3074557748381,1753868435.1030495,1753868435.1871927,1753868435.214,1753868435.2322888
EA_3,r3,703.0383126997621,1753868442.261162,1753868442.318733,1753868442.422,1753868442.4392412
EA_3,r3,703.0383003797208,1753868449.0548396,1753868449.1649199,1753868449.230,1753868449.247484
EA_3,r3,703.0383133287709,1753868456.0441022,1753868456.105147,1753868456.138,1753868456.1546884
EA_3,r3,703.0383001879297,1753868462.9341178,1753868463.000361,1753868463.046,1753868463.0633776
EA_3,r3,703.0383068337362,1753868469.8639853,1753868469.9506598,1753868470.055,1753868470.0719376
EA_3,r3,702.7226404233678,1753868477.3751962,1753868477.4568763,1753868477.465,1753868477.482277
EA_3,r4,702.7226511337301,1753867575.1536796,1753867575.2185085,1753867575.316,1753867575.3372724
EA_3,r4,702.7210196649285,1753867582.168996,1753867582.234807,1753867582.324,1753867582.342829
EA_3,r4,702.8999509336464,1753867589.11702,1753867589.2092822,1753867589.232,1753867589.252224
EA_3,r4,702.7243033181265,1753867596.0333474,1753867596.0947855,1753867596.139,1753867596.1581938
EA_3,r4,702.7942060982882,1753867603.1314013,1753867603.1895375,1753867603.245,1753867603.2629735
EA_3,r4,702.7904702663981,1753867610.4692302,1753867610.5577633,1753867610.651,1753867610.6681206
EA_3,r4,702.6961690141917,1753867617.4325585,1753867617.4897106,1753867617.556,1753867617.5730813
EA_3,r4,704.0311994781845,1753867624.344711,1753867624.4030638,1753867624.463,1753867624.4810271
EA_3,r4,702.7942065070496,1753867631.335278,1753867631.4397347,1753867631.470,1753867631.4874573
EA_3,r4,702.7904708158422,1753867638.5198865,1753867638.5833545,1753867638.678,1753867638.696306
EA_3,r4,702.6961691571345,1753867645.441635,1753867645.5139468,1753867645.585,1753867645.6018615
EA_3,r4,702.7904717051205,1753867652.3913713,1753867652.4817524,1753867652.491,1753867652.5091553
EA_3,r4,702.7243033027855,1753867659.313913,1753867659.3693569,1753867659.398,1753867659.415443
EA_3,r4,702.7226539916805,1753867666.1597908,1753867666.2325583,1753867666.303,1753867666.3206148
EA_3,r4,702.9776881512355,1753867673.364473,1753867673.440818,1753867673.511,1753867673.527606
EA_3,r4,703.0538934403043,1753867680.3814237,1753867680.4396148,1753867680.517,1753867680.5392978
EA_3,r4,703.8447137846075,1753867687.2554195,1753867687.3270154,1753867687.423,1753867687.4408967
EA_3,r4,702.8999490938756,1753867694.57391,1753867694.631636,1753867694.728,1753867694.7450895
EA_3,r4,702.9776892409635,1753867701.39688,1753867701.4569173,1753867701.532,1753867701.550383
EA_3,r4,702.713416195472,1753867708.3922644,1753867708.4665308,1753867708.538,1753867708.5594473
EA_3,r4,702.9776887423445,1753867715.3847475,1753867715.442852,1753867715.543,1753867715.5652866
EA_3,r4,702.7118568387971,1753867722.2711325,1753867722.328628,1753867722.349,1753867722.3695965
EA_3,r4,702.9776889134915,1753867729.2044902,1753867729.292523,1753867729.356,1753867729.3734975
EA_3,r4,702.7226530612295,1753867736.2396703,1753867736.2972312,1753867736.363,1753867736.380937
EA_3,r4,702.7210197977744,1753867743.2002578,1753867743.259552,1753867743.267,1753867743.2858045
EA_3,r4,702.7118564741412,1753867750.1689794,1753867750.2633657,1753867750.275,1753867750.2964418
EA_3,r4,703.8021697897747,1753867757.1263905,1753867757.1929367,1753867757.281,1753867757.3015614
EA_3,r4,702.7942066724457,1753867764.0743847,1753867764.1883492,1753867764.290,1753867764.3080163
EA_3,r4,702.6965205617105,1753867771.0548017,1753867771.1254253,1753867771.197,1753867771.215153
EA_3,r4,702.9351552916362,1753867778.4971402,1753867778.5557928,1753867778.604,1753867778.6226296
EA_3,r4,702.7243033661056,1753867785.394104,1753867785.502275,1753867785.511,1753867785.528693
EA_3,r4,702.7226529001197,1753867792.4631307,1753867792.5282357,1753867792.617,1753867792.6346385
EA_3,r4,702.9776885999806,1753867799.5055695,1753867799.5681987,1753867799.622,1753867799.6401656
EA_3,r4,702.6961690076715,1753867806.4708064,1753867806.5884042,1753867806.630,1753867806.6476092
EA_3,r4,702.7904693759181,1753867814.071334,1753867814.134004,1753867814.237,1753867814.2544453
EA_3,r4,702.7118562079993,1753867821.1014023,1753867821.157556,1753867821.244,1753867821.2617347
EA_3,r4,702.9776889334348,1753867828.0279353,1753867828.1210494,1753867828.152,1753867828.1716294
EA_3,r4,702.794205707704,1753867835.2318306,1753867835.2930603,1753867835.357,1753867835.3757448
EA_3,r4,702.6965192614518,1753867842.6159744,1753867842.678142,1753867842.765,1753867842.7823608
EA_3,r4,702.7226537968833,1753867849.500636,1753867849.5954618,1753867849.673,1753867849.6898842
EA_3,r4,702.7243031352325,1753867856.491785,1753867856.547096,1753867856.579,1753867856.5968492
EA_3,r4,702.7942066438989,1753867863.4470901,1753867863.5038733,1753867863.586,1753867863.6058502
EA_3,r4,702.6965206979777,1753867870.3877378,1753867870.4808598,1753867870.493,1753867870.5112407
EA_3,r4,703.1424544969962,1753867877.3011336,1753867877.3634498,1753867877.401,1753867877.4229949
EA_3,r4,702.6961689648624,1753867884.2789273,1753867884.372753,1753867884.409,1753867884.427317
EA_3,r4,702.7942063008027,1753867891.3233185,1753867891.3995836,1753867891.417,1753867891.435039
EA_3,r4,702.7904717173352,1753867898.2699356,1753867898.353713,1753867898.424,1753867898.442169
EA_3,r4,703.328914218621,1753867905.2710283,1753867905.3589342,1753867905.431,1753867905.450271
EA_3,r4,702.6961690233268,1753867912.2316844,1753867912.2952735,1753867912.340,1753867912.3571613
EA_3,r4,702.7942047125964,1753867919.7200649,1753867919.7995229,1753867919.848,1753867919.8672814
EA_3,r4,702.9776891495401,1753867926.5734975,1753867926.6485171,1753867926.656,1753867926.6731157
EA_3,r4,702.7134167717076,1753867933.4388547,1753867933.5042279,1753867933.563,1753867933.5807781
EA_3,r4,702.790470099063,1753867940.824654,1753867940.9060657,1753867940.971,1753867940.988552
EA_3,r4,702.6959301753833,1753867947.823809,1753867947.926339,1753867947.979,1753867947.9968925
EA_3,r4,702.9776886404214,1753867954.8519845,1753867954.9145737,1753867954.986,1753867955.003623
EA_3,r4,703.2279780329563,1753867961.864231,1753867961.9229767,1753867961.994,1753867962.0119843
EA_3,r4,702.721019975903,1753867968.7527606,1753867968.850763,1753867968.902,1753867968.9231057
EA_3,r4,702.7904716500067,1753867975.7166061,1753867975.7739856,1753867975.808,1753867975.829514
EA_3,r4,702.6959305106247,1753867982.6178489,1753867982.6750515,1753867982.715,1753867982.732261
EA_3,r4,702.7904714279599,1753867989.6391234,1753867989.7159314,1753867989.722,1753867989.7432625
EA_3,r4,702.6961689822285,1753867996.6118178,1753867996.667877,1753867996.729,1753867996.7492347
EA_3,r4,702.7904706325648,1753868003.8468196,1753868003.917433,1753868003.936,1753868003.9486763
EA_3,r4,702.9248194478548,1753868010.7964265,1753868010.855068,1753868010.944,1753868010.9660032
EA_3,r4,702.7904710745452,1753868017.911086,1753868017.9754732,1753868018.053,1753868018.0754547
EA_3,r4,702.7942063253416,1753868024.94903,1753868025.0414047,1753868025.061,1753868025.0821073
EA_3,r4,702.696519691254,1753868032.1946511,1753868032.281813,1753868032.369,1753868032.3855658
EA_3,r4,702.7942070525809,1753868039.0467374,1753868039.1030712,1753868039.175,1753868039.196445
EA_3,r4,702.6961691068378,1753868045.9830596,1753868046.052799,1753868046.082,1753868046.1013665
EA_3,r4,702.9776890586759,1753868052.8670394,1753868052.9415746,1753868052.988,1753868053.0055888
EA_3,r4,702.7226525292277,1753868060.0152364,1753868060.0704656,1753868060.095,1753868060.111983
EA_3,r4,702.7210197937927,1753868066.9774518,1753868067.0815136,1753868067.103,1753868067.120138
EA_3,r4,702.711856155809,1753868074.0196772,1753868074.098388,1753868074.110,1753868074.130456
EA_3,r4,702.9776888745434,1753868080.966402,1753868081.023478,1753868081.117,1753868081.1343985
EA_3,r4,702.7226537196971,1753868087.8665533,1753868087.9619198,1753868088.025,1753868088.0429878
EA_3,r4,702.721019832385,1753868094.8130221,1753868094.8760245,1753868094.933,1753868094.9504993
EA_3,r4,702.7226521830597,1753868102.0367286,1753868102.1053855,1753868102.142,1753868102.1587842
EA_3,r4,703.160557294932,1753868108.9787226,1753868109.0671647,1753868109.150,1753868109.1730163
EA_3,r4,702.7226514455753,1753868116.3687384,1753868116.4138968,1753868116.458,1753868116.4800928
EA_3,r4,702.9776886932152,1753868123.3783808,1753868123.4636111,1753868123.469,1753868123.488403
EA_3,r4,702.7134162658379,1753868130.3576238,1753868130.4229228,1753868130.481,1753868130.498691
EA_3,r4,702.9776877757464,1753868137.7039216,1753868137.761533,1753868137.789,1753868137.806012
EA_3,r4,702.7596064092015,1753868144.71271,1753868144.7808456,1753868144.796,1753868144.8186166
EA_3,r4,702.9776888365759,1753868151.6725152,1753868151.7305753,1753868151.802,1753868151.8226993
EA_3,r4,702.7134159208174,1753868158.7316244,1753868158.7928724,1753868158.809,1753868158.827422
EA_3,r4,702.9776893344609,1753868165.5237193,1753868165.640203,1753868165.716,1753868165.734191
EA_3,r4,702.9534991727716,1753868172.5011368,1753868172.5492585,1753868172.622,1753868172.6455905
EA_3,r4,702.9776891516809,1753868179.353853,1753868179.4110916,1753868179.429,1753868179.446245
EA_3,r4,702.7942070981635,1753868186.1946163,1753868186.3013482,1753868186.335,1753868186.352947
EA_3,r4,702.6965205555534,1753868193.176841,1753868193.2362876,1753868193.243,1753868193.2605655
EA_3,r4,702.6959305768157,1753868200.0590746,1753868200.1180756,1753868200.148,1753868200.1652126
EA_3,r4,702.7904723794691,1753868206.8406951,1753868206.949573,1753868206.955,1753868206.971654
EA_3,r4,702.9776888873279,1753868213.7830267,1753868213.8402438,1753868213.861,1753868213.8781056
EA_3,r4,702.7134162032127,1753868220.7766318,1753868220.8349369,1753868220.868,1753868220.88581
EA_3,r4,704.0477793915398,1753868227.8857934,1753868227.9870803,1753868228.076,1753868228.0946376
EA_3,r4,702.9962340355319,1753868234.8590205,1753868234.9189835,1753868234.983,1753868235.001777
EA_3,r4,702.9776880918977,1753868242.0857177,1753868242.1760368,1753868242.192,1753868242.208975
EA_3,r4,702.7226540643492,1753868248.9172387,1753868248.9788096,1753868248.999,1753868249.016366
EA_3,r4,702.7210196826763,1753868255.9251938,1753868255.9908772,1753868256.007,1753868256.024017
EA_3,r4,702.7118567137403,1753868262.8395956,1753868262.9203734,1753868263.013,1753868263.0308602
EA_3,r4,702.9776893069928,1753868269.640732,1753868269.7201698,1753868269.820,1753868269.8417037
EA_3,r4,702.7942067516439,1753868276.568524,1753868276.6338513,1753868276.727,1753868276.7482228
EA_3,r4,702.6965210946946,1753868283.3959281,1753868283.4807174,1753868283.535,1753868283.5536191
EA_3,r4,702.7942065845272,1753868290.3664877,1753868290.4285061,1753868290.442,1753868290.461909
EA_3,r4,702.6961691129919,1753868297.3010235,1753868297.381035,1753868297.449,1753868297.467537
EA_3,r4,703.5372856575375,1753868304.448253,1753868304.5244994,1753868304.556,1753868304.5740843
EA_3,r4,702.6965209650302,1753868311.3122613,1753868311.3705604,1753868311.465,1753868311.4818232
EA_3,r4,702.9776889365247,1753868318.2377381,1753868318.3155417,1753868318.372,1753868318.3906446
EA_3,r4,702.783562764328,1753868325.2006097,1753868325.2892098,1753868325.380,1753868325.3983483
EA_3,r4,702.9776889796896,1753868332.1113656,1753868332.1709735,1753868332.187,1753868332.203764
EA_3,r4,702.722653735603,1753868339.0083191,1753868339.0861833,1753868339.095,1753868339.1126885
EA_3,r4,702.7210198693754,1753868345.9397616,1753868346.0116024,1753868346.101,1753868346.1207204
EA_3,r4,702.9962343361527,1753868352.8536036,1753868352.9101133,1753868353.007,1753868353.0266848
EA_3,r4,702.9776894132341,1753868359.619902,1753868359.687731,1753868359.713,1753868359.7318683
EA_3,r4,702.9776892685853,1753868366.4337213,1753868366.4801934,1753868366.520,1753868366.536461
EA_3,r4,702.7134170976457,1753868373.2276487,1753868373.2826874,1753868373.327,1753868373.3437395
EA_3,r4,702.7243035070611,1753868380.068347,1753868380.150363,1753868380.233,1753868380.2507296
EA_3,r4,702.7226536758542,1753868386.9773276,1753868387.03937,1753868387.141,1753868387.1574948
EA_3,r4,703.5184807479028,1753868393.9324725,1753868393.9947515,1753868394.048,1753868394.0661366
EA_3,r4,702.713416781876,1753868400.7955785,1753868400.875041,1753868400.954,1753868400.970663
EA_3,r4,702.977688816625,1753868407.762277,1753868407.8183618,1753868407.861,1753868407.877638
EA_3,r4,702.7118570707403,1753868414.5972955,1753868414.658016,1753868414.669,1753868414.6867988
EA_3,r4,702.9776889298286,1753868421.5250616,1753868421.6118908,1753868421.677,1753868421.6936116
EA_3,r4,702.6961690464133,1753868428.4789736,1753868428.5606544,1753868428.585,1753868428.6027343
EA_3,r4,704.1145995059395,1753868435.400963,1753868435.4675992,1753868435.492,1753868435.5149047
EA_3,r4,702.6959298434291,1753868442.4998465,1753868442.5803463,1753868442.599,1753868442.6210644
EA_3,r4,702.7904720292248,1753868449.3677552,1753868449.4483473,1753868449.507,1753868449.5220368
EA_3,r4,702.97768891106,1753868456.301946,1753868456.3857741,1753868456.415,1753868456.4354477
EA_3,r4,702.7134165718652,1753868463.2118464,1753868463.3063943,1753868463.323,1753868463.3405473
EA_3,r4,702.7243032089805,1753868470.1726313,1753868470.254336,1753868470.333,1753868470.350189
EA_3,r4,702.7226509536812,1753868477.6778972,1753868477.7500126,1753868477.843,1753868477.8639684
EA_3,r5,70.22457528481452,1753867575.4622037,1753867575.561118,1753867575.577,1753867575.6029637
EA_3,r5,69.62266487627315,1753867582.454957,1753867582.5259273,1753867582.585,1753867582.6051033
EA_3,r5,70.22457521896551,1753867589.5181284,1753867589.5841367,1753867589.594,1753867589.6122262
EA_3,r5,69.58289716998266,1753867596.3485477,1753867596.4394975,1753867596.502,1753867596.521985
EA_3,r5,69.59690745003658,1753867603.4397197,1753867603.5203233,1753867603.612,1753867603.630713
EA_3,r5,69.66724124113954,1753867610.7876592,1753867610.8488731,1753867610.921,1753867610.9402487
EA_3,r5,69.67109541226056,1753867617.7223437,1753867617.7926743,1753867617.829,1753867617.848297
EA_3,r5,69.67245561013559,1753867624.6258361,1753867624.7016592,1753867624.737,1753867624.7561471
EA_3,r5,69.67044120039317,1753867631.7145543,1753867631.7766082,1753867631.845,1753867631.8652043
EA_3,r5,69.67239570653528,1753867638.8085103,1753867638.891659,1753867638.953,1753867638.9722764
EA_3,r5,69.67176676803419,1753867645.7336051,1753867645.7907581,1753867645.862,1753867645.8813457
EA_3,r5,69.67182664955895,1753867652.6829906,1753867652.7422874,1753867652.771,1753867652.7917738
EA_3,r5,69.67010751075483,1753867659.5883765,1753867659.6653996,1753867659.680,1753867659.6985612
EA_3,r5,69.66057599000426,1753867666.7231498,1753867666.780641,1753867666.788,1753867666.8071835
EA_3,r5,69.65899623360916,1753867673.680489,1753867673.7615304,1753867673.797,1753867673.8156912
EA_3,r5,69.65871183069228,1753867680.6647084,1753867680.7190638,1753867680.805,1753867680.8244636
EA_3,r5,69.65961693467135,1753867687.556813,1753867687.61226,1753867687.714,1753867687.7322795
EA_3,r5,69.66045348988182,1753867694.82874,1753867694.9252222,1753867695.022,1753867695.0430558
EA_3,r5,69.6592388920297,1753867701.7115664,1753867701.7767735,1753867701.831,1753867701.8495977
EA_3,r5,69.65807714492895,1753867708.7181988,1753867708.7755375,1753867708.840,1753867708.8590827
EA_3,r5,69.66017116564113,1753867715.6795387,1753867715.7700486,1753867715.848,1753867715.867322
EA_3,r5,69.65470398511317,1753867722.5703866,1753867722.6294527,1753867722.657,1753867722.6762269
EA_3,r5,69.64652624508129,1753867729.5442905,1753867729.6141977,1753867729.666,1753867729.685396
EA_3,r5,69.64726723462702,1753867736.4806108,1753867736.5768197,1753867736.674,1753867736.693052
EA_3,r5,69.64696043592082,1753867743.5010877,1753867743.565355,1753867743.582,1753867743.6017623
EA_3,r5,69.64759788549925,1753867750.5129018,1753867750.5752509,1753867750.590,1753867750.6093488
EA_3,r5,69.64712869955848,1753867757.4208238,1753867757.5385895,1753867757.598,1753867757.6175532
EA_3,r5,69.64652031820876,1753867764.4531922,1753867764.5156057,1753867764.606,1753867764.6266532
EA_3,r5,69.64362608511064,1753867771.816522,1753867771.874131,1753867771.915,1753867771.9342127
EA_3,r5,69.65195781384459,1753867778.7546587,1753867778.8470905,1753867778.924,1753867778.943072
EA_3,r5,69.63568922121856,1753867785.8182414,1753867785.8744168,1753867785.933,1753867785.9525907
EA_3,r5,69.63665978363974,1753867792.7296457,1753867792.8142715,1753867792.841,1753867792.8603446
EA_3,r5,69.63427985361098,1753867799.8031995,1753867799.8630276,1753867799.949,1753867799.9683046
EA_3,r5,69.63469002683561,1753867806.8103516,1753867806.8719726,1753867806.957,1753867806.9770677
EA_3,r5,69.63527406282529,1753867814.3896945,1753867814.4632838,1753867814.567,1753867814.58586
EA_3,r5,69.63479297736252,1753867821.3801496,1753867821.4362862,1753867821.475,1753867821.496444
EA_3,r5,69.63509534484223,1753867828.3512886,1753867828.4423196,1753867828.484,1753867828.503411
EA_3,r5,69.63545325465806,1753867835.5568256,1753867835.6293275,1753867835.693,1753867835.7116477
EA_3,r5,69.63002667990511,1753867842.8683202,1753867842.9295828,1753867843.001,1753867843.0201063
EA_3,r5,69.62308643092345,1753867849.8227491,1753867849.9045725,1753867850.009,1753867850.028227
EA_3,r5,69.6222856510957,1753867856.7779295,1753867856.84773,1753867856.918,1753867856.936787
EA_3,r5,69.62281659708334,1753867863.721882,1753867863.7832234,1753867863.826,1753867863.837872
EA_3,r5,69.62337792538851,1753867870.6801865,1753867870.7657075,1753867870.834,1753867870.8531923
EA_3,r5,69.62211751441328,1753867877.674578,1753867877.7613943,1753867877.843,1753867877.862887
EA_3,r5,69.62249525067256,1753867884.6878664,1753867884.7511313,1753867884.852,1753867884.8718295
EA_3,r5,69.62366322703434,1753867891.6468515,1753867891.7600741,1753867891.861,1753867891.8798795
EA_3,r5,69.62216207128381,1753867898.58539,1753867898.6836674,1753867898.769,1753867898.791686
EA_3,r5,69.62857788603674,1753867905.5559094,1753867905.6159213,1753867905.677,1753867905.6978393
EA_3,r5,69.63496003298559,1753867912.8091164,1753867912.9254875,1753867912.986,1753867913.0065732
EA_3,r5,69.6343176639032,1753867920.0025744,1753867920.0600824,1753867920.094,1753867920.113198
EA_3,r5,69.6356793573984,1753867926.830157,1753867926.8866577,1753867926.902,1753867926.9208517
EA_3,r5,69.63212193111421,1753867934.0528154,1753867934.1272652,1753867934.211,1753867934.234915
EA_3,r5,69.63697240446739,1753867941.1512973,1753867941.2105112,1753867941.220,1753867941.238888
EA_3,r5,69.63504829937636,1753867948.1594667,1753867948.2233884,1753867948.328,1753867948.3474116
EA_3,r5,69.63500500848653,1753867955.1338727,1753867955.2386968,1753867955.335,1753867955.362837
EA_3,r5,69.63568784311126,1753867962.134735,1753867962.2137465,1753867962.244,1753867962.262938
EA_3,r5,69.64510578207707,1753867969.0864024,1753867969.1468737,1753867969.152,1753867969.170943
EA_3,r5,69.64783218308048,1753867976.004937,1753867976.0755913,1753867976.161,1753867976.1799867
EA_3,r5,69.64694305232888,1753867982.885536,1753867982.9600646,1753867982.969,1753867982.9875686
EA_3,r5,69.64697208233147,1753867989.9601214,1753867990.0192475,1753867990.078,1753867990.0972242
EA_3,r5,69.6481429161172,1753867996.948837,1753867997.0191784,1753867997.086,1753867997.1050396
EA_3,r5,69.64678729628939,1753868004.1490946,1753868004.2236302,1753868004.293,1753868004.312606
EA_3,r5,69.64710541072313,1753868011.077534,1753868011.1591046,1753868011.202,1753868011.2230415
EA_3,r5,69.64621049978588,1753868018.2316825,1753868018.3240616,1753868018.411,1753868018.4303539
EA_3,r5,69.65320147057682,1753868025.4321814,1753868025.5166101,1753868025.619,1753868025.6286995
EA_3,r5,69.65925557543542,1753868032.44794,1753868032.523365,1753868032.627,1753868032.6456282
EA_3,r5,69.65776748643877,1753868039.3403826,1753868039.3982863,1753868039.434,1753868039.4531791
EA_3,r5,69.66041205835101,1753868046.2579086,1753868046.3187351,1753868046.341,1753868046.3600132
EA_3,r5,69.65855054418664,1753868053.1553783,1753868053.2242646,1753868053.248,1753868053.2680075
EA_3,r5,69.66027873171495,1753868060.3095205,1753868060.3667154,1753868060.456,1753868060.4752085
EA_3,r5,69.65905623101492,1753868067.3068175,1753868067.3705535,1753868067.464,1753868067.483493
EA_3,r5,69.65894989987176,1753868074.3406677,1753868074.413306,1753868074.472,1753868074.4907932
EA_3,r5,69.65913984079602,1753868081.228808,1753868081.2901456,1753868081.380,1753868081.3992145
EA_3,r5,69.6703791980365,1753868088.1621988,1753868088.2266104,1753868088.287,1753868088.3062632
EA_3,r5,69.67251954706023,1753868095.1059806,1753868095.2193677,1753868095.295,1753868095.3157904
EA_3,r5,69.67131596541844,1753868102.294992,1753868102.3556132,1753868102.403,1753868102.4234595
EA_3,r5,69.667201418381,1753868109.5705843,1753868109.640736,1753868109.712,1753868109.7308278
EA_3,r5,69.67595613410305,1753868116.5919285,1753868116.6679952,1753868116.719,1753868116.7387016
EA_3,r5,69.6717238687618,1753868123.7090707,1753868123.7679355,1753868123.827,1753868123.8457265
EA_3,r5,69.67147258097052,1753868130.6433856,1753868130.7229953,1753868130.735,1753868130.7545023
EA_3,r5,69.67173954156627,1753868138.023397,1753868138.140698,1753868138.244,1753868138.2625918
EA_3,r5,69.67580500860481,1753868144.993294,1753868145.0483112,1753868145.152,1753868145.170819
EA_3,r5,69.68488274577889,1753868151.9287398,1753868152.0000055,1753868152.059,1753868152.077969
EA_3,r5,69.68236927829746,1753868158.9928894,1753868159.0691683,1753868159.167,1753868159.1864352
EA_3,r5,69.68388446009334,1753868165.844474,1753868165.9049532,1753868165.976,1753868165.994623
EA_3,r5,69.68477203442286,1753868172.7841105,1753868172.8515255,1753868172.883,1753868172.9022863
EA_3,r5,69.68333026242708,1753868179.5808244,1753868179.635907,1753868179.690,1753868179.92617
EA_3,r5,69.68423380271753,1753868186.4985454,1753868186.574554,1753868186.598,1753868186.6173387
EA_3,r5,69.68257906186513,1753868193.420743,1753868193.509282,1753868193.607,1753868193.62615
EA_3,r5,69.68392600426665,1753868200.3067727,1753868200.3659892,1753868200.414,1753868200.4337962
EA_3,r5,69.68369745813857,1753868207.137737,1753868207.1933753,1753868207.222,1753868207.2405872
EA_3,r5,69.68460224544629,1753868214.1996405,1753868214.272058,1753868214.330,1753868214.3487425
EA_3,r5,69.68397612801076,1753868221.1946084,1753868221.2555792,1753868221.338,1753868221.3579748
EA_3,r5,69.68351083006668,1753868228.1945317,1753868228.2783155,1753868228.347,1753868228.366048
EA_3,r5,69.68416733429673,1753868235.362795,1753868235.4534407,1753868235.554,1753868235.57339
EA_3,r5,69.68242493738552,1753868242.3581033,1753868242.4218624,1753868242.462,1753868242.4812346
EA_3,r5,69.68353118937411,1753868249.1852057,1753868249.2890959,1753868249.370,1753868249.3882544
EA_3,r5,69.6833125415341,1753868256.1963246,1753868256.2556589,1753868256.277,1753868256.2952354
EA_3,r5,69.68387276113748,1753868263.1146843,1753868263.1786458,1753868263.184,1753868263.2205558
EA_3,r5,69.68478338672371,1753868269.948175,1753868270.06351,1753868270.092,1753868270.1124413
EA_3,r5,69.68233936663633,1753868276.84979,1753868276.9112678,1753868277.000,1753868277.0200903
EA_3,r5,69.68361444821677,1753868283.7645092,1753868283.8200881,1753868283.908,1753868283.9263344
EA_3,r5,69.68430990306139,1753868290.6178718,1753868290.7375095,1753868290.815,1753868290.8348126
EA_3,r5,69.68532841174982,1753868297.8455198,1753868297.9074383,1753868297.923,1753868297.9429584
EA_3,r5,69.68225568644107,1753868304.7231767,1753868304.7821305,1753868304.830,1753868304.848948
EA_3,r5,69.68327906045924,1753868311.5729594,1753868311.6482584,1753868311.739,1753868311.7578971
EA_3,r5,69.68411013657648,1753868318.519463,1753868318.5808542,1753868318.646,1753868318.6686797
EA_3,r5,69.68357821113757,1753868325.4894288,1753868325.5516808,1753868325.654,1753868325.6721995
EA_3,r5,69.68469218080598,1753868332.3577998,1753868332.4323263,1753868332.461,1753868332.4792047
EA_3,r5,69.68220014471801,1753868339.3038223,1753868339.35951,1753868339.367,1753868339.386665
EA_3,r5,69.68288093258376,1753868346.292756,1753868346.3505688,1753868346.374,1753868346.3931265
EA_3,r5,69.6851726208244,1753868353.120741,1753868353.191565,1753868353.281,1753868353.299523
EA_3,r5,69.68369460018086,1753868359.8935144,1753868359.964446,1753868359.988,1753868360.0054328
EA_3,r5,69.68434957579616,1753868366.6777103,1753868366.730596,1753868366.796,1753868366.8141885
EA_3,r5,69.68342087984327,1753868373.469974,1753868373.5262938,1753868373.605,1753868373.623231
EA_3,r5,69.68479147988877,1753868380.3523936,1753868380.4262722,1753868380.512,1753868380.5355325
EA_3,r5,69.68330806219399,1753868387.257905,1753868387.3484633,1753868387.419,1753868387.437533
EA_3,r5,69.68345184955301,1753868394.2047062,1753868394.2600095,1753868394.327,1753868394.3455913
EA_3,r5,69.68375253233496,1753868401.1316707,1753868401.2096226,1753868401.235,1753868401.2533495
EA_3,r5,69.68406118641659,1753868408.0244293,1753868408.0961888,1753868408.143,1753868408.1618278
EA_3,r5,69.68343080479625,1753868414.8506396,1753868414.9116461,1753868414.951,1753868414.9696562
EA_3,r5,69.68332745817273,1753868421.8113143,1753868421.8918734,1753868421.959,1753868421.9773054
EA_3,r5,69.68417078878484,1753868428.750273,1753868428.8233953,1753868428.866,1753868428.8847625
EA_3,r5,69.67901425856394,1753868435.9341962,1753868435.9893959,1753868436.075,1753868436.0929165
EA_3,r5,69.68811945486175,1753868442.789603,1753868442.8486145,1753868442.882,1753868442.9008658
EA_3,r5,69.68466341682574,1753868449.6575036,1753868449.7334342,1753868449.791,1753868449.8089423
EA_3,r5,69.68352865534042,1753868456.562614,1753868456.6198761,1753868456.699,1753868456.7170928
EA_3,r5,69.68263814896167,1753868463.5176632,1753868463.5804403,1753868463.606,1753868463.6257195
EA_3,r5,69.6769334592512,1753868470.951157,1753868471.0418534,1753868471.115,1753868471.1335151
EA_3,r5,69.69136762403157,1753868477.9660716,1753868478.034154,1753868478.122,1753868478.1410942
EA_3,r6,69.67330009722994,1753867575.6980805,1753867575.789327,1753867575.881,1753867575.8994439
EA_3,r6,69.91921722230562,1753867582.6505408,1753867582.736199,1753867582.789,1753867582.8074098
EA_3,r6,69.9236465703513,1753867589.7100697,1753867589.778588,1753867589.797,1753867589.8155046
EA_3,r6,69.91921734686565,1753867596.5726032,1753867596.6351564,1753867596.705,1753867596.7236097
EA_3,r6,69.59876626614121,1753867603.6521351,1753867603.7262464,1753867603.813,1753867603.8339782
EA_3,r6,69.66895011596708,1753867610.9742684,1753867611.0350301,1753867611.121,1753867611.1400442
EA_3,r6,69.67136738381203,1753867617.9062037,1753867617.9671934,1753867618.029,1753867618.0480604
EA_3,r6,69.6718782173266,1753867624.8390794,1753867624.9209793,1753867624.936,1753867624.95818
EA_3,r6,69.67160009161375,1753867631.8955898,1753867631.962241,1753867632.044,1753867632.0624928
EA_3,r6,69.67114341799167,1753867639.0117903,1753867639.0683677,1753867639.152,1753867639.170371
EA_3,r6,69.67178769697306,1753867645.9191864,1753867646.011355,1753867646.060,1753867646.0780997
EA_3,r6,69.67168688372905,1753867652.8567505,1753867652.9149404,1753867652.968,1753867652.986395
EA_3,r6,69.67075002952134,1753867659.7750201,1753867659.8302135,1753867659.876,1753867659.9169772
EA_3,r6,69.6590968886468,1753867666.9078891,1753867666.9979496,1753867667.083,1753867667.1030734
EA_3,r6,69.65997133949357,1753867673.8897033,1753867673.9443398,1753867673.991,1753867674.0123909
EA_3,r6,69.65878607461643,1753867680.8489838,1753867680.9143949,1753867680.999,1753867681.0180402
EA_3,r6,69.65965531513305,1753867687.7177303,1753867687.793566,1753867687.807,1753867687.8295
EA_3,r6,69.6595337464556,1753867695.0341055,1753867695.0898612,1753867695.115,1753867695.1338985
EA_3,r6,69.65944336834353,1753867701.91795,1753867702.0031729,1753867702.024,1753867702.0439384
EA_3,r6,69.65880311078023,1753867708.903594,1753867708.9805253,1753867709.033,1753867709.0520146
EA_3,r6,69.65943642208451,1753867715.8945477,1753867715.9494114,1753867716.042,1753867716.0602102
EA_3,r6,69.65397279449756,1753867722.7620869,1753867722.8372474,1753867722.849,1753867722.8688474
EA_3,r6,69.64772659421062,1753867729.747279,1753867729.8016324,1753867729.856,1753867729.876351
EA_3,r6,69.6468172748827,1753867736.6830642,1753867736.7430305,1753867736.763,1753867736.781965
EA_3,r6,69.64700209181349,1753867743.691755,1753867743.7782009,1753867743.871,1753867743.8897982
EA_3,r6,69.64734551705888,1753867750.7064197,1753867750.7701366,1753867750.779,1753867750.799511
EA_3,r6,69.64711400467364,1753867757.6501782,1753867757.7130628,1753867757.786,1753867757.806377
EA_3,r6,69.64753643447638,1753867764.6419427,1753867764.7293458,1753867764.794,1753867764.8153274
EA_3,r6,69.64691515593775,1753867772.0034742,1753867772.0599494,1753867772.102,1753867772.1217172
EA_3,r6,69.64739404248839,1753867778.980557,1753867779.0561886,1753867779.110,1753867779.130759
EA_3,r6,69.6362185481257,1753867786.0027921,1753867786.0750031,1753867786.119,1753867786.139563
EA_3,r6,69.63523815207029,1753867792.9227605,1753867792.9832025,1753867793.027,1753867793.0462441
EA_3,r6,69.63466105802998,1753867799.9870684,1753867800.092832,1753867800.134,1753867800.1552267
EA_3,r6,69.63542295255779,1753867806.9934084,1753867807.05862,1753867807.142,1753867807.1618142
EA_3,r6,69.63481460737864,1753867814.592362,1753867814.6507633,1753867814.751,1753867814.7702303
EA_3,r6,69.63478402905409,1753867821.5649211,1753867821.6628551,1753867821.759,1753867821.7792358
EA_3,r6,69.6347840349298,1753867828.5751593,1753867828.6352482,1753867828.667,1753867828.6868923
EA_3,r6,69.63514100714528,1753867835.757888,1753867835.8133535,1753867835.876,1753867835.8945208
EA_3,r6,69.6303543248053,1753867843.0476384,1753867843.1557984,1753867843.184,1753867843.2036312
EA_3,r6,69.62262621050498,1753867850.0189033,1753867850.0808995,1753867850.091,1753867850.1113582
EA_3,r6,69.62273668670042,1753867856.9741607,1753867857.0317886,1753867857.099,1753867857.1174664
EA_3,r6,69.62279670168135,1753867863.9071715,1753867863.9842882,1753867864.007,1753867864.0252903
EA_3,r6,69.62287547657299,1753867870.8707538,1753867870.9317327,1753867871.013,1753867871.032383
EA_3,r6,69.62287714550116,1753867877.8884313,1753867877.9506967,1753867878.021,1753867878.0403378
EA_3,r6,69.62253501584217,1753867884.8804948,1753867884.9702997,1753867885.026,1753867885.0456195
EA_3,r6,69.62283639549337,1753867891.8876295,1753867891.9423306,1753867892.033,1753867892.0523317
EA_3,r6,69.62262580536611,1753867898.809833,1753867898.8695939,1753867898.942,1753867898.9608808
EA_3,r6,69.62826877396006,1753867905.739237,1753867905.8117678,1753867905.850,1753867905.8711376
EA_3,r6,69.63503797466437,1753867913.0514362,1753867913.1303716,1753867913.159,1753867913.1786675
EA_3,r6,69.63495227214537,1753867920.1749728,1753867920.2569284,1753867920.268,1753867920.2862897
EA_3,r6,69.63512056715649,1753867926.988608,1753867927.0442357,1753867927.075,1753867927.093775
EA_3,r6,69.63516416544026,1753867934.2658849,1753867934.3445177,1753867934.383,1753867934.404576
EA_3,r6,69.63466524577373,1753867941.3391294,1753867941.4234784,1753867941.492,1753867941.5110786
EA_3,r6,69.63493044984747,1753867948.3537767,1753867948.4226167,1753867948.501,1753867948.522514
EA_3,r6,69.63531413124392,1753867955.373201,1753867955.4577997,1753867955.508,1753867955.5272367
EA_3,r6,69.63486453287042,1753867962.319175,1753867962.404002,1753867962.415,1753867962.433813
EA_3,r6,69.64669679899721,1753867969.2784142,1753867969.3385293,1753867969.423,1753867969.4413772
EA_3,r6,69.64684344820618,1753867976.198261,1753867976.2785163,1753867976.330,1753867976.350641
EA_3,r6,69.6472584916122,1753867983.0652475,1753867983.136133,1753867983.238,1753867983.2572732
EA_3,r6,69.64733726024396,1753867990.154794,1753867990.211909,1753867990.245,1753867990.264627
EA_3,r6,69.6466094684885,1753867997.1495385,1753867997.2117145,1753867997.253,1753867997.274429
EA_3,r6,69.64733740473964,1753868004.3367703,1753868004.4102173,1753868004.460,1753868004.4802747
EA_3,r6,69.64721925830499,1753868011.286593,1753868011.3445323,1753868011.369,1753868011.3887293
EA_3,r6,69.6470632874643,1753868018.454925,1753868018.5174825,1753868018.578,1753868018.5981088
EA_3,r6,69.65200227645983,1753868025.6368403,1753868025.7291982,1753868025.785,1753868025.803036
EA_3,r6,69.65980443020949,1753868032.6224515,1753868032.6800451,1753868032.692,1753868032.7102098
EA_3,r6,69.65923251066143,1753868039.5254376,1753868039.6128855,1753868039.698,1753868039.7174485
EA_3,r6,69.6593249165401,1753868046.4333222,1753868046.5086553,1753868046.604,1753868046.62193
EA_3,r6,69.65956951419771,1753868053.368854,1753868053.42422,1753868053.510,1753868053.5295238
EA_3,r6,69.65926279675045,1753868060.4687939,1753868060.5473032,1753868060.617,1753868060.6369445
EA_3,r6,69.65884724544557,1753868067.4931324,1753868067.5899444,1753868067.624,1753868067.6449237
EA_3,r6,69.65934683768877,1753868074.5366483,1753868074.5923293,1753868074.632,1753868074.6518867
EA_3,r6,69.6600616311335,1753868081.3930168,1753868081.46476,1753868081.538,1753868081.558438
EA_3,r6,69.67061100426827,1753868088.358225,1753868088.4435086,1753868088.546,1753868088.566181
EA_3,r6,69.67103496849154,1753868095.3439913,1753868095.403229,1753868095.453,1753868095.4762206
EA_3,r6,69.67172981225622,1753868102.4663215,1753868102.5618937,1753868102.661,1753868102.681949
EA_3,r6,69.6715915744137,1753868109.7470338,1753868109.829376,1753868109.868,1753868109.88753
EA_3,r6,69.67113166973607,1753868116.7913408,1753868116.8648956,1753868116.876,1753868116.8950112
EA_3,r6,69.67196709162164,1753868123.8758996,1753868123.9587133,1753868123.984,1753868124.0023355
EA_3,r6,69.67113687240787,1753868130.8351555,1753868130.8955455,1753868130.991,1753868131.0097456
EA_3,r6,69.67217340081226,1753868138.2520177,1753868138.3086429,1753868138.400,1753868138.4188616
EA_3,r6,69.67681272028003,1753868145.1480498,1753868145.2199924,1753868145.307,1753868145.3281767
EA_3,r6,69.68384735259681,1753868152.1115448,1753868152.1670344,1753868152.214,1753868152.232586
EA_3,r6,69.68333455718557,1753868159.190573,1753868159.2570672,1753868159.322,1753868159.3402355
EA_3,r6,69.6837399812684,1753868166.0245109,1753868166.0838203,1753868166.130,1753868166.149921
EA_3,r6,69.68365375293102,1753868172.9900115,1753868173.037152,1753868173.137,1753868173.155892
EA_3,r6,69.68374364159745,1753868179.7461042,1753868179.82967,1753868179.843,1753868179.8617222
EA_3,r6,69.68438710307692,1753868186.697243,1753868186.7602696,1753868186.849,1753868186.8681338
EA_3,r6,69.68300471417533,1753868193.6329715,1753868193.692488,1753868193.755,1753868193.773979
EA_3,r6,69.68392164108279,1753868200.484346,1753868200.586006,1753868200.661,1753868200.6806018
EA_3,r6,69.68434959431,1753868207.315183,1753868207.3721972,1753868207.467,1753868207.4851696
EA_3,r6,69.68360334307843,1753868214.401846,1753868214.457443,1753868214.473,1753868214.4936128
EA_3,r6,69.68303395796416,1753868221.3817823,1753868221.5054393,1753868221.580,1753868221.5985916
EA_3,r6,69.68377081329486,1753868228.392459,1753868228.4547768,1753868228.487,1753868228.5062137
EA_3,r6,69.68398494452461,1753868235.5468059,1753868235.6068847,1753868235.693,1753868235.711939
EA_3,r6,69.68385964032434,1753868242.530235,1753868242.6345243,1753868242.700,1753868242.720245
EA_3,r6,69.68337026114627,1753868249.3923059,1753868249.453614,1753868249.507,1753868249.525488
EA_3,r6,69.68404121176832,1753868256.348877,1753868256.419721,1753868256.515,1753868256.5349514
EA_3,r6,69.6833540697804,1753868263.2892191,1753868263.371416,1753868263.422,1753868263.4409034
EA_3,r6,69.6843956990833,1753868270.1672122,1753868270.2205672,1753868270.230,1753868270.2484105
EA_3,r6,69.68385056099717,1753868277.0113804,1753868277.0951107,1753868277.136,1753868277.1549473
EA_3,r6,69.68274144080904,1753868283.9396532,1753868284.0090628,1753868284.042,1753868284.0607014
EA_3,r6,69.68466151952373,1753868290.8482974,1753868290.908733,1753868290.948,1753868290.9679062
EA_3,r6,69.68325419425224,1753868298.01522,1753868298.098435,1753868298.156,1753868298.1763275
EA_3,r6,69.68405868547421,1753868304.8769677,1753868304.9340618,1753868304.963,1753868304.9811401
EA_3,r6,69.68310091503449,1753868311.7653356,1753868311.839243,1753868311.871,1753868311.8894386
EA_3,r6,69.68391051566245,1753868318.6885965,1753868318.7938223,1753868318.879,1753868318.8988018
EA_3,r6,69.68406820905889,1753868325.642019,1753868325.6990392,1753868325.786,1753868325.8046362
EA_3,r6,69.68326270361494,1753868332.5342858,1753868332.6092057,1753868332.693,1753868332.7114036
EA_3,r6,69.68380147291442,1753868339.4671612,1753868339.5410802,1753868339.599,1753868339.619022
EA_3,r6,69.68436191325289,1753868346.4569738,1753868346.512619,1753868346.607,1753868346.6257129
EA_3,r6,69.68317404712523,1753868353.2929611,1753868353.3734753,1753868353.414,1753868353.4320204
EA_3,r6,69.68406581441376,1753868360.060018,1753868360.1204455,1753868360.219,1753868360.2376995
EA_3,r6,69.68337342016254,1753868366.8260224,1753868366.8705223,1753868366.926,1753868366.9472847
EA_3,r6,69.68385138536206,1753868373.6183414,1753868373.7061346,1753868373.735,1753868373.7525816
EA_3,r6,69.68365806125837,1753868380.5216243,1753868380.5931156,1753868380.641,1753868380.6638064
EA_3,r6,69.68340566354718,1753868387.4548223,1753868387.5140362,1753868387.547,1753868387.568716
EA_3,r6,69.68379251471656,1753868394.3833215,1753868394.4504547,1753868394.554,1753868394.5725486
EA_3,r6,69.68387640296412,1753868401.3266115,1753868401.3867207,1753868401.461,1753868401.479883
EA_3,r6,69.68417050060822,1753868408.2056806,1753868408.2653575,1753868408.368,1753868408.3861763
EA_3,r6,69.68376596898266,1753868415.015831,1753868415.1002524,1753868415.175,1753868415.1949358
EA_3,r6,69.6837626134791,1753868421.9976006,1753868422.0585976,1753868422.081,1753868422.0997083
EA_3,r6,69.68319258302054,1753868428.9158945,1753868428.971031,1753868428.987,1753868429.0050282
EA_3,r6,69.68389690991087,1753868436.08671,1753868436.1602116,1753868436.195,1753868436.2145543
EA_3,r6,69.68399040993333,1753868442.9492517,1753868443.0283425,1753868443.102,1753868443.1220243
EA_3,r6,69.68321116723476,1753868449.845526,1753868449.9008465,1753868449.908,1753868449.930668
EA_3,r6,69.68391045494951,1753868456.7121158,1753868456.7800493,1753868456.815,1753868456.8339891
EA_3,r6,69.68410363046134,1753868463.6765156,1753868463.756711,1753868463.821,1753868463.841143
EA_3,r6,69.68373053369817,1753868471.1434083,1753868471.2021546,1753868471.228,1753868471.24861
EA_3,r6,69.6832482807112,1753868478.1455846,1753868478.2394922,1753868478.334,1753868478.3525143
EA_3,r7,69.81296977966207,1753867575.9620063,1753867576.0536954,1753867576.071,1753867576.0889266
EA_3,r7,70.11724075217245,1753867582.9202783,1753867582.9844759,1753867583.079,1753867583.0996168
EA_3,r7,69.8129696401991,1753867589.942466,1753867590.0178833,1753867590.087,1753867590.1057334
EA_3,r7,69.59515062943247,1753867596.837728,1753867596.925505,1753867597.001,1753867597.0202715
EA_3,r7,69.60126471092224,1753867603.954086,1753867604.012135,1753867604.110,1753867604.1329703
EA_3,r7,69.66901834532214,1753867611.2439148,1753867611.3271909,1753867611.419,1753867611.4385114
EA_3,r7,69.67122648269302,1753867618.1771793,1753867618.2600715,1753867618.327,1753867618.3475683
EA_3,r7,69.67164300408093,1753867625.1347306,1753867625.1920154,1753867625.233,1753867625.2540424
EA_3,r7,69.67131543853071,1753867632.1709614,1753867632.2642598,1753867632.340,1753867632.3591464
EA_3,r7,69.67176085034161,1753867639.2722316,1753867639.3485348,1753867639.448,1753867639.4673312
EA_3,r7,69.67158634379389,1753867646.2141232,1753867646.2700748,1753867646.357,1753867646.3774612
EA_3,r7,69.67185239473196,1753867653.113972,1753867653.2070136,1753867653.264,1753867653.2845993
EA_3,r7,69.67037777245383,1753867660.027721,1753867660.0839913,1753867660.172,1753867660.1898963
EA_3,r7,69.65948832178596,1753867667.200098,1753867667.257171,1753867667.280,1753867667.300017
EA_3,r7,69.65944447368985,1753867674.1500137,1753867674.2310221,1753867674.287,1753867674.3074884
EA_3,r7,69.65934565400852,1753867681.1184504,1753867681.1760852,1753867681.196,1753867681.2158391
EA_3,r7,69.65922251526128,1753867688.0103161,1753867688.0821726,1753867688.104,1753867688.125026
EA_3,r7,69.66024123757244,1753867695.2681336,1753867695.3433528,1753867695.410,1753867695.430507
EA_3,r7,69.65844620238705,1753867702.2324586,1753867702.2936885,1753867702.317,1753867702.3379564
EA_3,r7,69.65931069340793,1753867709.1818871,1753867709.2792487,1753867709.324,1753867709.3452199
EA_3,r7,69.65977002245424,1753867716.13535,1753867716.1930876,1753867716.232,1753867716.2524195
EA_3,r7,69.65476382148901,1753867722.984967,1753867723.0396032,1753867723.140,1753867723.1599195
EA_3,r7,69.64603741811885,1753867729.9982145,1753867730.0952315,1753867730.149,1753867730.1674395
EA_3,r7,69.64698471496244,1753867736.9649994,1753867737.026432,1753867737.056,1753867737.0772777
EA_3,r7,69.64697264492936,1753867743.9936886,1753867744.0561779,1753867744.064,1753867744.0838883
EA_3,r7,69.64789842590272,1753867750.926891,1753867751.0304441,1753867751.073,1753867751.092273
EA_3,r7,69.64699254817836,1753867757.8983047,1753867757.962477,1753867757.980,1753867757.9992926
EA_3,r7,69.64674818131103,1753867764.9234035,1753867764.9853592,1753867765.088,1753867765.108661
EA_3,r7,69.64666560936568,1753867772.343388,1753867772.4602666,1753867772.497,1753867772.5165756
EA_3,r7,69.64785646971136,1753867779.2609394,1753867779.318276,1753867779.406,1753867779.4251688
EA_3,r7,69.63657868655837,1753867786.248867,1753867786.3131008,1753867786.415,1753867786.4361196
EA_3,r7,69.63545090340405,1753867793.2012632,1753867793.305817,1753867793.323,1753867793.3423014
EA_3,r7,69.63485798384804,1753867800.3146527,1753867800.3771994,1753867800.431,1753867800.4527857
EA_3,r7,69.63435773403232,1753867807.2469575,1753867807.3377395,1753867807.439,1753867807.4634345
EA_3,r7,69.63460672539705,1753867814.8812394,1753867814.9518657,1753867815.048,1753867815.0678337
EA_3,r7,69.63579045580504,1753867821.798183,1753867821.8592005,1753867821.957,1753867821.9757245
EA_3,r7,69.6346483325567,1753867828.8515217,1753867828.9499056,1753867828.965,1753867828.9754055
EA_3,r7,69.63468878162142,1753867836.0169218,1753867836.0736175,1753867836.174,1753867836.1927128
EA_3,r7,69.63008737619555,1753867843.337212,1753867843.39765,1753867843.483,1753867843.5026312
EA_3,r7,69.62258232974514,1753867850.268418,1753867850.360526,1753867850.390,1753867850.4090064
EA_3,r7,69.62327597701771,1753867857.2549622,1753867857.312602,1753867857.398,1753867857.4165742
EA_3,r7,69.62227480257566,1753867864.1908355,1753867864.267696,1753867864.306,1753867864.324696
EA_3,r7,69.62302993747556,1753867871.1641572,1753867871.2557065,1753867871.313,1753867871.3324869
EA_3,r7,69.62259260904256,1753867878.1580265,1753867878.2226114,1753867878.321,1753867878.3412812
EA_3,r7,69.62278363130874,1753867885.1503367,1753867885.2404087,1753867885.330,1753867885.349445
EA_3,r7,69.62308668669222,1753867892.1074216,1753867892.1839974,1753867892.238,1753867892.262905
EA_3,r7,69.62248249108733,1753867899.0697677,1753867899.1308942,1753867899.146,1753867899.168226
EA_3,r7,69.6283808363005,1753867906.0252943,1753867906.1026397,1753867906.154,1753867906.177131
EA_3,r7,69.6346347163522,1753867913.4471014,1753867913.5513923,1753867913.562,1753867913.5806205
EA_3,r7,69.63612069816091,1753867920.4489665,1753867920.509272,1753867920.567,1753867920.5891132
EA_3,r7,69.63471272148153,1753867927.207367,1753867927.3166802,1753867927.374,1753867927.3938582
EA_3,r7,69.63473118776929,1753867934.6192715,1753867934.7064323,1753867934.781,1753867934.8002226
EA_3,r7,69.63491726412595,1753867941.6017923,1753867941.6630118,1753867941.688,1753867941.7077303
EA_3,r7,69.63543387513634,1753867948.6203449,1753867948.7143602,1753867948.796,1753867948.815089
EA_3,r7,69.63453940666511,1753867955.6260765,1753867955.6871073,1753867955.702,1753867955.720723
EA_3,r7,69.6357117433515,1753867962.616179,1753867962.6754851,1753867962.710,1753867962.7328026
EA_3,r7,69.6460316170915,1753867969.5475008,1753867969.6330204,1753867969.717,1753867969.7378151
EA_3,r7,69.64734658807085,1753867976.4802349,1753867976.5518553,1753867976.623,1753867976.6445286
EA_3,r7,69.64699278269353,1753867983.3192706,1753867983.376007,1753867983.430,1753867983.449915
EA_3,r7,69.64716715471434,1753867990.4210033,1753867990.493241,1753867990.537,1753867990.556468
EA_3,r7,69.64708971929433,1753867997.4279761,1753867997.5016382,1753867997.544,1753867997.5696464
EA_3,r7,69.6473523366658,1753868004.608799,1753868004.667449,1753868004.751,1753868004.7712262
EA_3,r7,69.64682387790987,1753868011.574734,1753868011.6634128,1753868011.760,1753868011.7833862
EA_3,r7,69.64734104569715,1753868018.7048204,1753868018.7867165,1753868018.869,1753868018.889154
EA_3,r7,69.6506601799248,1753868026.1677096,1753868026.2351756,1753868026.277,1753868026.2979753
EA_3,r7,69.6626151139954,1753868032.8440561,1753868032.9205594,1753868032.984,1753868033.0051427
EA_3,r7,69.65822058761421,1753868039.8301983,1753868039.911531,1753868039.990,1753868040.010655
EA_3,r7,69.66050206512551,1753868046.7149699,1753868046.785534,1753868046.796,1753868046.8148606
EA_3,r7,69.65815667570902,1753868053.6373312,1753868053.6960223,1753868053.703,1753868053.7211776
EA_3,r7,69.65948196148113,1753868060.7651098,1753868060.8279524,1753868060.909,1753868060.931384
EA_3,r7,69.6598541265281,1753868067.8107026,1753868067.9088027,1753868067.916,1753868067.9379637
EA_3,r7,69.65934702012794,1753868074.8129387,1753868074.8717673,1753868074.924,1753868074.9451468
EA_3,r7,69.65877320805099,1753868081.6656055,1753868081.7224205,1753868081.730,1753868081.7515457
EA_3,r7,69.67148384746226,1753868088.6226528,1753868088.7174478,1753868088.737,1753868088.7592158
EA_3,r7,69.67136670073661,1753868095.6041427,1753868095.6707747,1753868095.745,1753868095.7674174
EA_3,r7,69.67170582354007,1753868102.8085778,1753868102.8722813,1753868102.952,1753868102.962053
EA_3,r7,69.66961386070979,1753868110.1853154,1753868110.274339,1753868110.359,1753868110.3781757
EA_3,r7,69.67308188909465,1753868117.0781772,1753868117.143441,1753868117.166,1753868117.1838434
EA_3,r7,69.6718390005142,1753868124.1455567,1753868124.2125845,1753868124.274,1753868124.2927055
EA_3,r7,69.67155702752025,1753868131.0896683,1753868131.1933372,1753868131.282,1753868131.3009703
EA_3,r7,69.6711737923577,1753868138.502688,1753868138.560195,1753868138.590,1753868138.609409
EA_3,r7,69.67787939459593,1753868145.439896,1753868145.50037,1753868145.597,1753868145.6161683
EA_3,r7,69.68466413220024,1753868152.2884817,1753868152.3833754,1753868152.403,1753868152.4147487
EA_3,r7,69.68316705673995,1753868159.4487715,1753868159.5049512,1753868159.510,1753868159.528818
EA_3,r7,69.68260855178184,1753868166.3023937,1753868166.3855488,1753868166.417,1753868166.4382193
EA_3,r7,69.68542241755263,1753868173.2051656,1753868173.273585,1753868173.323,1753868173.3436406
EA_3,r7,69.68352860187628,1753868179.991047,1753868180.0467038,1753868180.131,1753868180.1502187
EA_3,r7,69.68342897159434,1753868186.970627,1753868187.0564601,1753868187.139,1753868187.1585631
EA_3,r7,69.68286190262275,1753868193.8943799,1753868193.951633,1753868194.047,1753868194.0655417
EA_3,r7,69.6847558270899,1753868200.7382967,1753868200.7899547,1753868200.854,1753868200.8729413
EA_3,r7,69.68286709240725,1753868207.5753932,1753868207.647487,1753868207.660,1753868207.6785142
EA_3,r7,69.6837630725729,1753868214.6638012,1753868214.7223387,1753868214.769,1753868214.7892272
EA_3,r7,69.68372227995175,1753868221.7152936,1753868221.7755778,1753868221.877,1753868221.9001274
EA_3,r7,69.68328755570914,1753868228.6742196,1753868228.7524612,1753868228.785,1753868228.805614
EA_3,r7,69.68379391953556,1753868235.8230546,1753868235.9047945,1753868235.993,1753868236.0137827
EA_3,r7,69.68405790348787,1753868242.852855,1753868242.9138138,1753868243.001,1753868243.0215368
EA_3,r7,69.68371045106447,1753868249.667839,1753868249.7548099,1753868249.808,1753868249.8293302
EA_3,r7,69.68544218180227,1753868256.6269703,1753868256.6836658,1753868256.716,1753868256.7355983
EA_3,r7,69.68180327460752,1753868263.5836337,1753868263.660052,1753868263.722,1753868263.7621243
EA_3,r7,69.68553799858817,1753868270.3695183,1753868270.4615438,1753868270.531,1753868270.551901
EA_3,r7,69.68220024786177,1753868277.275982,1753868277.3372064,1753868277.438,1753868277.4593132
EA_3,r7,69.68418311419774,1753868284.1815207,1753868284.2833998,1753868284.345,1753868284.3659074
EA_3,r7,69.6830523890168,1753868291.1202629,1753868291.1812623,1753868291.252,1753868291.2714252
EA_3,r7,69.68339129091179,1753868298.326696,1753868298.388346,1753868298.460,1753868298.4801774
EA_3,r7,69.685226005545,1753868305.095673,1753868305.2017946,1753868305.267,1753868305.2855744
EA_3,r7,69.68334963630635,1753868312.0321116,1753868312.0883882,1753868312.174,1753868312.1952195
EA_3,r7,69.68258930694711,1753868319.014831,1753868319.0762963,1753868319.181,1753868319.203961
EA_3,r7,69.68433768383316,1753868325.906803,1753868325.9772134,1753868325.987,1753868326.0060732
EA_3,r7,69.68383551733969,1753868332.8043287,1753868332.862278,1753868332.892,1753868332.913481
EA_3,r7,69.68365625702187,1753868339.7445326,1753868339.8031719,1753868339.898,1753868339.920221
EA_3,r7,69.6832683260498,1753868346.7191632,1753868346.7949512,1753868346.805,1753868346.8176978
EA_3,r7,69.68378635423542,1753868353.5851264,1753868353.6478846,1753868353.711,1753868353.7426903
EA_3,r7,69.68470392384738,1753868360.3320498,1753868360.3745313,1753868360.416,1753868360.436925
EA_3,r7,69.68318902250812,1753868367.0701737,1753868367.138898,1753868367.223,1753868367.2417023
EA_3,r7,69.6836973672558,1753868373.8953056,1753868373.9509542,1753868374.030,1753868374.0489905
EA_3,r7,69.68348062967696,1753868380.808663,1753868380.8630757,1753868380.937,1753868380.9553664
EA_3,r7,69.68339125037606,1753868387.7232993,1753868387.7978406,1753868387.843,1753868387.8612936
EA_3,r7,69.68462001357061,1753868394.6157272,1753868394.6794953,1753868394.750,1753868394.7689505
EA_3,r7,69.68487575667704,1753868401.5812974,1753868401.6631727,1753868401.757,1753868401.776059
EA_3,r7,69.68220925712089,1753868408.4675195,1753868408.524213,1753868408.563,1753868408.5818186
EA_3,r7,69.68524185722379,1753868415.3106594,1753868415.3935523,1753868415.470,1753868415.4908426
EA_3,r7,69.68143014137917,1753868422.291696,1753868422.3761873,1753868422.478,1753868422.5009844
EA_3,r7,69.68443968187243,1753868429.1803648,1753868429.236862,1753868429.286,1753868429.3060412
EA_3,r7,69.68326825534392,1753868436.3998158,1753868436.4821827,1753868436.494,1753868436.514509
EA_3,r7,69.68471762687831,1753868443.2033494,1753868443.2844863,1753868443.302,1753868443.3220336
EA_3,r7,69.68375467050457,1753868450.0732784,1753868450.1345398,1753868450.210,1753868450.2301102
EA_3,r7,69.68303989681397,1753868456.9908009,1753868457.0509017,1753868457.118,1753868457.1383088
EA_3,r7,69.68364565726175,1753868463.957766,1753868464.0427358,1753868464.126,1753868464.1448784
EA_3,r7,69.68470595871165,1753868471.4605935,1753868471.5224948,1753868471.534,1753868471.5523295
EA_3,r7,69.68221508533057,1753868478.4622083,1753868478.5167363,1753868478.541,1753868478.5596786

experiment_begin_timestamp,experiment_finish_timestamp
1753867599.539,1753868141.896
